gene_id,gene_name,abundance
b3495,uspA,45935
b3986,rplL,12183
b3339,tufA,10296
b1779,gapA,8675
b3980,tufB,8595
b0440,hupB,8148
b1823,cspC,7607
b1237,hns,7523
b1094,acpP,7063
b4015,aceA,6737
b3236,mdh,6597
b1677,lpp,6011
b2779,eno,5839
b3065,rpsU,5808
b3510,hdeA,5773
b2926,pgk,5619
b0957,ompA,5583
b3908,sodA,5547
b3341,rpsG,5543
b2096,gatY,5508
b3315,rplV,5469
b4000,hupA,5456
b3303,rpsE,5130
b4143,groL,5112
b3298,rpsM,4873
b0605,ahpC,4833
b2185,rplY,4803
b0014,dnaK,4741
b3296,rpsD,4591
b4142,groS,4556
b3314,rpsC,4539
b0755,gpmA,4480
b3460,livJ,4471
b0023,rpsT,4401
b4203,rplI,4337
b3637,rpmB,4182
b3317,rplB,4159
b1136,icd,4117
b2417,crr,4115
b3305,rplF,4110
b3985,rplJ,4071
b2609,rpsP,4070
b2093,gatB,4058
b3294,rplQ,4028
b2414,cysK,4010
b3308,rplE,4001
b4202,rpsR,3890
b3307,rpsN,3871
b3321,rpsJ,3843
b4243,ridA,3826
b3984,rplA,3815
b3304,rplR,3768
b2551,glyA,3754
b3340,fusA,3698
b0903,pflB,3655
b0170,tsf,3538
b4200,rpsF,3534
b1716,rplT,3505
b2095,gatZ,3504
b3312,rpmC,3482
b3301,rplO,3470
b3310,rplN,3455
b3309,rplX,3445
b2606,rplS,3419
b0169,rpsB,3405
b3231,rplM,3383
b3732,atpD,3329
b3320,rplC,3328
b0911,rpsA,3309
b2579,grcA,3276
b3319,rplD,3240
b3230,rpsI,3209
b0623,cspE,3201
b3983,rplK,3190
b3165,rpsO,3140
b1324,tpx,3133
b2665,ygaU,3075
b1415,aldA,3070
b1482,osmC,2951
b2007,yeeX,2888
b4226,ppa,2812
b3302,rpmD,2808
b3313,rplP,2804
b3928,zapB,2785
b2925,fbaA,2783
b1480,sra,2723
b3306,rpsH,2692
b3734,atpA,2663
b1712,ihfA,2653
b4245,pyrB,2647
b3316,rpsS,2580
b1241,adhE,2569
b0436,tig,2559
b3636,rpmG,2527
b3342,rpsL,2492
b0114,aceE,2473
b0812,dps,2436
b3708,tnaA,2417
b4177,purA,2371
b1243,oppA,2357
b3544,dppA,2354
b3919,tpiA,2342
b3297,rpsK,2323
b0197,metQ,2301
b3703,rpmH,2288
b0008,talB,2267
b3186,rplU,2248
b2415,ptsH,2247
b0116,lpd,2230
b0811,glnH,2207
b3185,rpmA,2186
b1923,fliC,2177
b2150,mglB,2164
b0474,adk,2164
b1089,rpmF,2144
b3609,secB,2107
b3774,ilvC,2107
b2518,ndk,2106
b0329,yahO,2038
b3831,udp,2037
b4244,pyrI,2023
b1004,wrbA,2017
b2029,gnd,2016
b3829,metE,2005
b2310,argT,2003
b0912,ihfB,1996
b4014,aceB,1972
b2094,gatA,1972
b1288,fabI,1968
b2323,fabB,1955
b0728,sucC,1948
b1676,pykF,1935
b0729,sucD,1908
b3781,trxA,1907
b3295,rpoA,1905
b3098,yqjD,1896
b3203,hpf,1891
b2913,serA,5643000
b3751,rbsB,1880
b3311,rpsQ,1834
b0118,acnB,1786
b0172,frr,1766
b1920,fliY,1755
b3433,asd,1717
b3517,gadA,1699
b4034,malE,1676
b0178,skp,1668
b0607,uspG,1656
b3783,rho,1630
b0753,ybgS,1622
b0115,aceF,1607
b0928,aspC,1602
b2498,upp,1592
b0720,gltA,1557
b0407,yajC,1556
b0525,ppiB,1552
b3649,rpoZ,1514
b2614,grpE,1476
b2942,metK,1467
b0166,dapD,1464
b0415,ribE,1457
b4401,arcA,1436
b4045,yjbJ,1434
b2476,purC,1431
b3764,yifE,1427
b0907,serC,1421
b4069,acs,1420
b2416,ptsI,1416
b4139,aspA,1414
b3988,rpoC,1414
b3870,glnA,1413
b3509,hdeB,1401
b0954,fabA,1398
b1718,infC,1394
b3936,rpmE,1393
b0727,sucB,1392
b1817,manX,1381
b0426,yajQ,1371
b2914,rpiA,1370
b1739,osmE,1369
b2508,guaB,1369
b4255,rraB,1353
b3987,rpoB,1352
b3349,slyD,1323
b1093,fabG,1298
b3164,pnp,1296
b1656,sodB,1289
b0889,lrp,1270
b2687,luxS,1256
b4025,pgi,1250
b1092,fabD,1238
b0631,ybeD,1234
b1376,uspF,1230
b3942,katG,1220
b3403,pck,1219
b2309,hisJ,1211
b1641,slyB,1206
b1251,yciI,1199
b2592,clpB,1196
b2215,ompC,1194
b2597,raiA,1174
b1857,znuA,1164
b1283,osmB,1161
b2935,tktA,1148
b1215,kdsA,1137
b3357,crp,1133
b1850,eda,1131
b0953,rmf,1124
b2530,iscS,1116
b1304,pspA,1115
b1905,ftnA,1108
b2809,ygdI,1104
b0655,gltI,1095
b4411,ecnB,1091
b1493,gadB,1086
b2153,folE,1083
b0163,yaeH,1060
b1003,yccJ,1054
b4376,osmY,1043
b1654,grxD,1042
b3926,glpK,1038
b3318,rplW,1038
b3736,atpF,1035
b1761,gdhA,1035
b0897,ycaC,1033
b4172,hfq,1027
b3336,bfr,1015
b1550,gnsB,1015
b1175,minD,1013
b2464,talA,1011
b0930,asnS,1011
b0437,clpP,1011
b2266,elaB,1010
b2669,stpA,1009
b1261,trpB,1004
b0074,leuA,1004
b0471,ybaB,1000
b1260,trpA,995
b2480,bcp,992
b2962,yggX,990
b4384,deoD,988
b3731,atpC,986
b0237,pepD,983
b2696,csrA,982
b3733,atpG,982
b2097,fbaB,981
b3229,sspA,972
b0814,ompX,963
b1207,prs,958
b0325,yahK,947
b3982,nusG,934
b0884,infA,931
b2296,ackA,927
b3024,ygiW,925
b2091,gatD,916
b1103,hinT,908
b0134,panB,906
b3414,nfuA,903
b0929,ompF,898
b2890,lysS,890
b0004,thrC,889
b3169,nusA,888
b0724,sdhB,887
b0222,gmhA,883
b3912,cpxR,883
b3735,atpH,882
b0565,ompT,880
b2297,pta,877
b1967,hchA,876
b2529,iscU,876
b0095,ftsZ,868
b0863,artI,858
b0071,leuD,855
b3251,mreB,850
b0073,leuB,845
b3588,aldB,834
b4147,efp,833
b3713,chrR,828
b1667,ydhR,824
b1440,ydcS,820
b1174,minE,817
b3556,cspA,813
b1854,pykA,810
b1123,potD,809
b0684,fldA,804
b3610,grxC,803
b3916,pfkA,802
b4383,deoB,801
b3956,ppc,797
b4207,fklB,796
b0723,sdhA,796
b0754,aroG,791
b3619,hldD,790
b2080,yegP,772
b0893,serS,769
b1219,ychN,769
b1452,yncE,768
b0473,htpG,766
b1809,yoaB,759
b1051,msyB,757
b3559,glyS,756
b0161,degP,753
b0578,nfsB,752
b0194,proS,748
b1333,uspE,747
b3181,greA,742
b3168,infB,741
b0733,cydA,738
b2465,tktB,738
b0740,tolB,733
b1539,ydfG,732
b4051,qorA,731
b1604,ydgH,729
b3347,fkpA,729
b0185,accA,724
b1091,fabH,724
b3363,ppiA,723
b2507,guaA,721
b1131,purB,719
b0767,pgl,718
b1064,grxB,718
b0145,dksA,711
b3858,yihD,705
b1836,yebV,705
b3233,yhcB,700
b3299,rpmJ,700
b1444,patD,697
b0726,sucA,692
b2699,recA,692
b1635,gstA,691
b2294,yfbU,686
b2922,yggE,686
b0072,leuC,684
b1719,thrS,683
b2217,rcsB,680
b3180,yhbY,676
b4006,purH,675
b3426,glpD,674
b3029,ygiN,672
b0126,can,668
b0453,ybaY,663
b1866,aspS,660
b0523,purE,660
b1973,zinT,656
b0880,cspD,650
b0782,moaB,648
b0854,potF,642
b2400,gltX,642
b0838,gstB,640
b0180,fabZ,637
b3737,atpE,636
b3384,trpS,631
b2042,wcaN,629
b3192,mlaC,628
b2463,maeB,628
b3031,yqiA,625
b1611,fumC,623
b1062,pyrC,620
b0741,pal,619
b4381,deoC,614
b1431,ydcL,613
b3255,accB,609
b4391,ettA,608
b1740,nadE,603
b3506,slp,602
b1852,zwf,599
b1308,pspE,597
b3067,rpoD,596
b1426,ydcH,595
b3386,rpe,591
b0763,modA,591
b1714,pheS,588
b2425,cysP,588
b2499,purM,586
b0053,surA,586
b1516,lsrB,585
b3871,typA,585
b0391,yaiE,584
b2531,iscR,582
b3167,rbfA,580
b1732,katE,579
b2523,pepB,579
b0642,leuS,578
b0734,cydB,573
b1702,ppsA,573
b0683,fur,572
b4037,malM,571
b3172,argG,571
b0819,ldtB,571
b0595,entB,568
b2155,cirA,567
b0033,carB,563
b2697,alaS,563
b1602,pntB,563
b0032,carA,557
b1130,phoP,553
b2898,ygfZ,553
b1236,galU,552
b1002,agp,552
b0756,galM,550
b4059,ssb,546
b1713,pheT,544
b4144,yjeI,544
b0492,ybbN,539
b1886,tar,538
b4227,ytfQ,537
b3938,metJ,536
b1101,ptsG,535
b2019,hisG,534
b1882,cheY,533
b2521,sseA,531
b1710,btuE,528
b0888,trxB,527
b3612,gpmM,526
b1619,hdhA,523
b0382,iraP,523
b1831,proQ,521
b2330,prmB,520
b0688,pgm,519
b0220,ivy,518
b3012,dkgA,517
b0680,glnS,515
b3176,glmM,512
b0026,ileS,511
b3728,pstS,510
b1717,rpmI,508
b0133,panC,508
b2904,gcvH,504
b0606,ahpF,503
b0438,clpX,499
b0002,thrA,498
b3405,ompR,497
b1881,cheZ,496
b2316,accD,496
b3458,livK,495
b1783,yeaG,492
b1541,ydfZ,485
b1048,opgG,484
b2478,dapA,482
b3209,elbB,477
b2239,glpQ,475
b0463,acrA,473
b0439,lon,471
b3178,ftsH,471
b2000,flu,470
b1108,ycfP,469
b1276,acnA,468
b0965,yccU,468
b3729,glmS,467
b1864,yebC,466
b2600,tyrA,466
b3611,yibN,465
b0871,poxB,464
b2514,hisS,459
b3256,accC,459
b4234,yjgA,458
b2231,gyrA,456
b2114,metG,451
b3553,ghrB,450
b2557,purL,449
b2143,cdd,449
b3929,rraA,446
b3744,asnA,443
b1642,slyA,442
b4108,yjdM,440
b3560,glyQ,439
b1637,tyrS,439
b2989,yghU,435
b0337,codA,433
b4005,purD,432
b0643,ybeL,432
b3453,ugpB,430
b2599,pheA,428
b1084,rne,428
b1765,ydjA,427
b2525,fdx,425
b0860,artJ,425
b1743,spy,425
b0154,hemL,423
b0917,ycaR,423
b2477,bamC,418
b2513,yfgM,418
b3498,prlC,417
b0674,asnB,416
b0932,pepN,413
b0758,galT,412
b0078,ilvH,412
b4258,valS,411
b3847,pepQ,410
b3931,hslU,409
b1178,pliG,406
b4129,lysU,406
b2171,yeiP,404
b0710,ybgI,403
b1406,ydbC,403
b0181,lpxA,403
b1819,manZ,403
b1614,ydgA,401
b1221,narL,401
b3253,acuI,401
b2780,pyrG,401
b2959,yggL,401
b2891,prfB,401
b1259,yciG,400
b2976,glcB,398
b3234,degQ,395
b2234,nrdA,394
b2908,pepP,393
b3860,dsbA,392
b1095,fabF,390
b2516,rodZ,388
b3213,gltD,388
b1067,yceH,388
b0434,yajG,388
b4219,msrA,387
b3261,fis,387
b3035,tolC,385
b0584,fepA,385
b2924,mscS,384
b4153,frdB,383
b4174,hflK,383
b3600,mtlD,383
b1109,ndh,383
b0839,dacC,382
b4252,tabA,382
b1778,msrB,381
b1849,purT,380
b3156,yhbS,379
b1258,yciF,378
b1273,yciN,378
b0441,ppiD,375
b3742,mioC,371
b3042,yqiC,371
b2020,hisD,370
b2617,bamE,369
b2581,yfiF,369
b1613,manA,365
b2036,glf,365
b1263,trpD,365
b4214,cysQ,362
b1919,dcyD,359
b0168,map,356
b0759,galE,354
b3671,ilvB,353
b3001,gpr,352
b2343,yfcZ,349
b0469,apt,349
b0171,pyrH,349
b1847,yebF,346
b3212,gltB,345
b1492,gadC,342
b2039,rfbA,342
b0722,sdhD,340
b1446,ydcY,340
b1000,cbpA,340
b2661,gabD,340
b3092,uxaC,340
b4054,tyrB,339
b1232,purU,337
b3699,gyrB,335
b2937,speB,335
b2021,hisC,335
b2286,nuoC,333
b1603,pntA,333
b1200,dhaK,331
b1818,manY,330
b0104,guaC,330
b3359,argD,329
b1662,ribC,328
b1479,maeA,328
b0098,secA,328
b3830,ysgA,327
b0296,ykgM,327
b2553,glnB,327
b0678,nagB,326
b3962,sthA,325
b3006,exbB,325
b1203,ychF,324
b3775,ppiC,324
b2905,gcvT,323
b0865,ybjP,323
b3941,metF,322
b1380,ldhA,321
b0809,glnQ,321
b4232,fbp,320
b1764,selD,317
b1612,fumA,315
b3472,dcrB,315
b4057,yjbR,315
b2569,lepA,315
b3836,tatA,313
b4175,hflC,313
b4160,psd,313
b4216,ytfJ,313
b3554,yiaF,312
b4260,pepA,310
b4517,gnsA,310
b1647,ydhF,310
b0125,hpt,309
b3362,yhfG,309
b2763,cysI,307
b0177,bamA,305
b0866,ybjQ,304
b2283,nuoG,304
b3602,yibL,303
b3429,glgA,303
b3113,tdcF,301
b1651,gloA,300
b0410,yajD,300
b1197,treA,299
b1262,trpC,299
b3008,metC,299
b2262,menB,299
b2903,gcvP,298
b3183,obgE,296
b0660,ybeZ,296
b3430,glgC,296
b1638,pdxH,295
b2796,sdaC,295
b3995,rsd,295
b3464,ftsY,294
b2662,gabT,294
b3644,yicC,293
b1257,yciE,291
b0386,proC,289
b0416,nusB,289
b2133,dld,289
b1658,purR,288
b0632,dacA,287
b3005,exbD,287
b0757,galK,286
b2131,osmF,286
b1685,ydiH,285
b3866,yihI,285
b3640,dut,284
b0156,erpA,283
b3846,fadB,282
b1901,araF,282
b0432,cyoA,282
b1264,trpE,281
b0422,xseB,280
b2027,wzzB,280
b2495,yfgD,280
b0742,ybgF,279
b2585,pssA,279
b3770,ilvE,278
b3401,hslO,276
b2022,hisB,276
b2608,rimM,275
b2103,thiD,275
b2512,bamB,274
b3448,yhhA,272
b1888,cheA,272
b1414,ydcF,272
b1930,yedF,271
b1887,cheW,270
b0800,ybiB,270
b1538,dcp,270
b3204,ptsN,269
b1267,yciO,269
b4235,pmbA,268
b0891,lolA,267
b3011,yqhD,267
b2938,speA,267
b0159,mtn,265
b3748,rbsD,265
b1449,curA,263
b2900,yqfB,263
b4154,frdA,262
b1827,kdgR,262
b1908,yecA,262
b3175,secG,261
b2977,glcG,261
b0031,dapB,261
b2764,cysJ,260
b3833,ubiE,260
b0801,ybiC,257
b2388,glk,256
b3201,lptB,256
b1127,pepT,255
b3052,hldE,255
b0435,bolA,255
b0238,gpt,255
b4393,trpR,253
b0882,clpA,252
b3287,def,252
b4002,zraP,252
b2901,bglA,252
b2287,nuoB,249
b3863,polA,248
b2235,nrdB,248
b2842,kduD,247
b0598,cstA,246
b0963,mgsA,244
b0450,glnK,244
b3300,secY,244
b0028,fkpB,243
b0945,pyrD,243
b0015,dnaJ,243
b0526,cysS,243
b1780,yeaD,242
b1412,azoR,242
b4135,yjdC,242
b4518,ymdF,241
b2610,ffh,240
b4107,yjdN,240
b2672,ygaM,239
b2320,pdxB,239
b4506,ykgO,239
b0243,proA,239
b2281,nuoI,239
b2893,dsbC,238
b3346,yheO,237
b0966,hspQ,237
b1042,csgA,236
b1071,flgM,235
b3698,yidB,234
b1749,xthA,234
b3617,kbl,231
b2951,yggS,231
b0419,yajO,231
b4407,thiS,230
b0679,nagE,230
b0570,cusS,229
b3945,gldA,229
b1517,lsrF,229
b0699,ybfA,228
b2533,suhB,227
b3939,metB,227
b2511,der,227
b3599,mtlA,226
b2827,thyA,226
b2426,ucpA,225
b1035,ycdY,224
b2241,glpA,222
b3190,ibaG,222
b0594,entE,222
b2595,bamD,221
b0451,amtB,221
b2104,thiM,221
b2684,mprA,219
b2751,cysN,218
b2564,pdxJ,217
b0389,yaiA,216
b3922,yiiS,215
b2041,rfbB,215
b0593,entC,214
b3291,mscL,213
b0287,yagU,213
b3959,argB,212
b2947,gshB,212
b1983,yeeN,211
b2957,ansB,210
b0345,lacI,210
b3780,rhlB,209
b0721,sdhC,209
b3923,uspD,208
b0344,lacZ,208
b1128,roxA,208
b0179,lpxD,207
b1955,yedP,207
b3566,xylF,206
b2752,cysD,206
b2026,hisI,206
b0910,cmk,206
b4179,rnr,205
b3845,fadA,205
b4355,tsr,205
b2284,nuoF,205
b0557,borD,204
b2303,folX,203
b3390,aroK,203
b2741,rpoS,203
b1723,pfkB,202
b0387,yaiI,201
b1334,fnr,201
b1033,ghrA,201
b2909,ygfB,200
b4254,argI,200
b3701,dnaN,200
b3511,hdeD,199
b0864,artP,198
b1876,argS,198
b2285,nuoE,198
b1830,prc,197
b1928,yedD,196
b4406,yaeP,196
b3661,nlpA,196
b0573,cusF,196
b1256,ompW,195
b3687,ibpA,195
b0411,tsx,195
b0369,hemB,194
b2524,iscX,194
b2431,yfeX,194
b3409,feoB,193
b3150,yraP,193
b4322,uxuA,193
b0687,seqA,192
b2910,zapA,191
b0918,kdsB,190
b1623,add,190
b1738,chbB,189
b0528,ybcJ,189
b2016,yeeZ,188
b2300,yfcE,187
b3288,fmt,185
b3500,gor,185
b0393,rdgC,185
b0596,entA,185
b1792,yeaO,184
b1646,sodC,184
b4024,lysC,184
b2515,ispG,183
b2958,yggN,183
b0830,gsiB,182
b0990,cspG,182
b3028,mdaB,182
b1279,yciS,181
b0003,thrB,181
b1896,otsA,181
b3932,hslV,181
b0212,gloB,180
b1430,tehB,180
b1682,sufC,180
b1725,yniA,179
b3417,malP,179
b2025,hisF,179
b0773,ybhB,178
b0923,mukE,178
b4554,yibT,176
b0077,ilvI,176
b0641,lptE,176
b3388,damX,175
b3003,yghA,175
b3279,yrdA,175
b2790,yqcA,175
b1586,ynfD,175
b2023,hisH,173
b3743,asnC,173
b1286,rnb,173
b3356,yhfA,172
b2107,rcnB,171
b3389,aroB,171
b2576,srmB,171
b4382,deoA,171
b3803,hemX,171
b4558,yifL,170
b2601,aroF,169
b2312,purF,169
b0908,aroA,169
b0870,ltaE,168
b2954,rdgB,168
b0927,ycbL,168
b3865,yihA,167
b3697,yidA,167
b0196,rcsF,166
b4035,malK,166
b3526,kdgK,165
b0586,entF,165
b3807,cyaY,164
b0121,speE,164
b3960,argH,164
b2843,kduI,164
b3200,lptA,164
b2187,yejL,162
b0529,folD,162
b2762,cysH,162
b3102,yqjG,161
b0381,ddlA,161
b3228,sspB,161
b1832,msrC,161
b3670,ilvN,160
b3993,thiE,159
b2916,argP,159
b1583,ynfB,159
b1018,efeO,158
b3439,yhhW,158
b3068,mug,157
b2169,fruB,157
b2676,nrdF,157
b0109,nadC,157
b2834,tas,157
b0094,ftsA,156
b3616,tdh,156
b3463,ftsE,156
b3189,murA,155
b0827,moeA,155
b1678,ldtE,155
b3816,corA,155
b2532,trmJ,154
b3191,mlaB,154
b4396,rob,153
b0825,fsaA,153
b3055,ygiM,153
b1199,dhaL,152
b1087,yceF,152
b0068,thiB,152
b3961,oxyR,151
b2679,proX,151
b4162,orn,151
b1748,astC,151
b2988,gss,150
b3592,yibF,149
b2288,nuoA,149
b0480,ushA,149
b0851,nfsA,149
b3461,rpoH,149
b1105,lpoB,148
b0628,lipA,148
b1680,sufS,147
b1274,topA,147
b2183,rsuA,147
b2319,usg,145
b1070,flgN,145
b0242,proB,144
b2232,ubiG,144
b4013,metA,144
b0805,fiu,143
b2113,mrp,143
b0356,frmA,143
b0686,ybfF,142
b4021,pepE,142
b4375,prfC,142
b4303,sgcQ,141
b1478,adhP,140
b3705,yidC,140
b3385,gph,140
b0481,ybaK,140
b0431,cyoB,140
b2799,fucO,139
b1704,aroH,139
b1564,relB,139
b0956,matP,137
b2304,yfcH,137
b2571,rseB,137
b3639,dfp,136
b4565,sgcB,136
b3153,yhbO,135
b0610,rnk,135
b3910,yiiM,135
b2421,cysM,135
b0677,nagA,134
b2242,glpB,134
b0820,ybiT,133
b3114,tdcE,133
b1187,fadR,133
b2567,rnc,133
b0931,pncB,133
b1867,yecD,132
b0424,yajL,132
b0675,umpH,132
b0357,frmR,131
b3607,cysE,20632.5
b0651,rihA,130
b3725,pstB,130
b3428,glgP,130
b2299,yfcD,130
b0131,panD,130
b0189,rof,129
b0785,moaE,129
b2329,aroC,129
b1272,sohB,129
b2960,trmI,128
b4041,plsB,128
b1661,cfa,128
b3608,gpsA,128
b3957,argE,127
b2471,yffB,127
b4537,yecJ,127
b3087,ygjR,126
b4068,yjcH,126
b3730,glmU,125
b1727,yniC,125
b4064,ghxP,125
b1536,ydeI,125
b2168,fruK,124
b1189,dadA,124
b4208,cycA,124
b0452,tesB,124
b3648,gmk,123
b4122,fumB,123
b0207,dkgB,122
b1133,mnmA,122
b3408,feoA,122
b3885,yihX,122
b1056,yceI,122
b1305,pspB,122
b0408,secD,121
b1275,cysB,121
b1782,mipA,121
b0394,mak,121
b3041,ribB,120
b3686,ibpB,120
b2065,dcd,120
b3193,mlaD,119
b3407,yhgF,119
b1760,ynjH,119
b0443,fadM,119
b0085,murE,119
b3244,tldD,119
b3924,fpr,118
b2412,zipA,118
b1861,ruvA,118
b1329,mppA,116
b3724,phoU,116
b1179,ycgL,115
b0849,grxA,115
b0902,pflA,115
b1917,yecC,114
b4233,mpl,114
b0484,copA,114
b1976,mtfA,113
b2009,sbmC,113
b0783,moaC,112
b1088,yceD,112
b1487,ddpA,112
b2149,mglA,112
b4111,proP,112
b3259,prmA,111
b1737,chbC,111
b1829,htpX,110
b0571,cusR,110
b2872,ygeY,110
b1217,chaB,110
b2688,gshA,110
b4036,lamB,110
b1946,fliN,110
b4305,sgcX,109
b0334,prpD,109
b2040,rfbD,109
b1059,solA,109
b0658,ybeX,109
b1953,yodD,108
b0199,metN,108
b0082,rsmH,108
b0413,nrdR,107
b2897,sdhE,107
b3887,dtd,107
b3440,yhhX,106
b0637,rsfS,106
b1846,yebE,106
b2994,hybC,106
b3161,mtr,105
b2948,yqgE,105
b1557,cspB,104
b2418,pdxK,104
b1117,lolD,104
b2167,fruA,104
b3089,sstT,103
b3844,fre,103
b3997,hemE,103
b0150,fhuA,103
b3706,mnmE,103
b2568,lepB,101
b3455,livG,101
b1209,lolB,101
b4222,ytfP,101
b3125,garR,100
b4138,dcuA,99.8
b3527,yhjJ,99.7
b1537,ydeJ,99.2
b3282,tsaC,98.7
b1045,ymdB,98.6
b1581,rspA,98.6
b0659,ybeY,98.1
b4487,yjdP,98.1
b1729,ydjN,97.4
b1423,ydcJ,97.3
b2253,arnB,97.3
b1281,pyrF,97.1
b3170,rimP,96.4
b4168,tsaE,96.3
b4067,actP,96.1
b1083,flgL,95.9
b2024,hisA,95.7
b2186,yejK,94.8
b4213,cpdB,94.7
b3197,kdsD,94.6
b2450,yffS,94.2
b0390,aroM,94.1
b1912,pgsA,93.8
b0924,mukB,93.4
b0054,lptD,93.4
b2742,nlpD,93.1
b0048,folA,93.1
b0120,speD,92.6
b0112,aroP,92.4
b4395,ytjC,92.3
b4113,basR,92.2
b0804,ybiX,92.2
b0123,cueO,92.1
b4263,yjgR,91.9
b1186,nhaB,90.5
b0592,fepB,90.5
b3070,yqjH,90.4
b3802,hemY,89.6
b1693,aroD,89.5
b4137,cutA,89.4
b3605,lldD,89.2
b3037,ygiB,89.1
b2290,alaA,88.6
b4173,hflX,88.4
b0456,ybaA,86.8
b3438,gntR,86.4
b0029,ispH,86.4
b2620,smpB,86.1
b0091,murC,86.1
b2833,ygdR,86.1
b4180,rlmB,85.7
b1461,pptA,85.7
b2573,rpoE,85.1
b1462,yddH,85
b3198,kdsC,84.4
b4397,creA,84.4
b3994,thiC,84.1
b4161,rsgA,83.7
b1982,amn,83.6
b3552,yiaD,83.5
b2594,rluD,83.1
b2034,wbbI,82.8
b1126,potA,82.8
b2392,mntH,82.6
b3843,ubiD,82.5
b0581,ybdK,82.1
b3454,livF,82.1
b4055,aphA,81.8
b3162,deaD,81.8
b0331,prpB,81.5
b1885,tap,81.4
b1252,tonB,81.3
b2240,glpT,81.2
b2746,ispF,81
b0006,yaaA,80.3
b3894,fdoG,78.9
b0506,allR,78.9
b2279,nuoK,78.8
b0088,murD,78.7
b0772,ybhC,78.3
b3146,rsmI,78.2
b1768,pncA,77.9
b1703,ppsR,77.9
b2795,ygdH,77.9
b1277,ribA,77.8
b0268,yagE,77.4
b0124,gcd,77.1
b1377,ompN,76.5
b3838,tatB,76.3
b3432,glgB,75.9
b2804,fucU,75.8
b0102,zapD,75.6
b1204,pth,75.5
b1848,yebG,75.5
b3147,lpoA,75.4
b2081,yegQ,75.3
b0009,mog,75.3
b2700,pncC,75.2
b3447,ggt,75.2
b0904,focA,75
b1269,rluB,74.9
b0462,acrB,74.6
b1593,ynfK,74.4
b3205,yhbJ,74.2
b0779,uvrB,74.1
b4046,zur,74.1
b3034,nudF,74
b0080,cra,73.9
b0922,mukF,73.7
b0221,fadE,73
b3541,dppD,72.9
b1079,flgH,72.9
b2494,bepA,72.6
b3999,yjaG,72.2
b1684,sufA,72
b2243,glpC,71.9
b0030,rihC,71.9
b3891,fdhE,71.5
b0961,yccF,71.3
b2527,hscB,71.3
b2587,kgtP,71
b4392,slt,71
b0522,purK,70.7
b0711,ybgJ,70.6
b3528,dctA,70.5
b4043,lexA,70.4
b4206,ytfB,70.3
b4360,yjjA,70.3
b1839,yebY,70
b3487,yhiI,69.9
b0388,aroL,69.8
b1724,ydiZ,69.6
b1687,ydiJ,69.5
b3868,glnG,69.4
b1498,ydeN,69.4
b3518,yhjA,69
b3225,nanA,69
b4354,yjiY,68.5
b2526,hscA,68.4
b4314,fimA,68.4
b0409,secF,68.1
b0712,ybgK,68.1
b1247,oppF,67.7
b2500,purN,67.6
b0127,yadG,67.5
b4511,ybdZ,67.4
b0051,rsmA,67.4
b1787,yeaK,67.3
b4110,yjcZ,67.2
b2137,yohF,67.1
b3888,yiiD,67.1
b3071,yqjI,67.1
b0784,moaD,67
b0384,psiF,67
b1043,csgC,66.9
b0737,tolQ,66.9
b0778,bioD,66.9
b3771,ilvD,66.8
b3940,metL,66.8
b4269,ahr,66.3
b0182,lpxB,66.1
b1767,ansA,65.8
b4019,metH,65.7
b2818,argA,65.6
b0333,prpC,65.5
b3738,atpB,65.3
b4058,uvrA,65.3
b0515,allE,65
b1180,ycgM,64.7
b3809,dapF,64.6
b1284,yciT,64.6
b2293,yfbT,64.6
b2038,rfbC,64.4
b0661,miaB,64.3
b1422,ydcI,63.8
b2675,nrdE,63.4
b1014,putA,63
b0485,glsA,62.7
b3155,yhbQ,62.5
b1624,ydgJ,62.5
b4371,rsmC,62.4
b1244,oppB,62.4
b1686,menI,62
b0421,ispA,61.7
b3927,glpF,61.6
b2154,yeiG,61.3
b2344,fadL,61.2
b1584,speG,61.2
b3348,slyX,61.1
b0092,ddlB,60.9
b3727,pstC,60.5
b0572,cusC,60.5
b1198,dhaM,60.5
b0947,ycbX,60.1
b0420,dxs,59.5
b1814,sdaA,59.5
b3543,dppB,59.5
b2066,udk,59.4
b3099,yqjE,59.3
b0241,phoE,59.1
b0086,murF,59
b0494,tesA,59
b0414,ribD,58.9
b1246,oppD,58.9
b0968,yccX,58.9
b0354,yaiL,58.8
b3752,rbsK,58.7
b1400,paaY,58.7
b0423,thiI,58.5
b3195,mlaF,58.5
b1307,pspD,58.5
b2473,ypfH,58.4
b3540,dppF,58
b0174,ispU,58
b3400,hslR,57.9
b2325,yfcL,57.8
b0761,modE,57.7
b0574,cusB,57.6
b1245,oppC,57.5
b4323,uxuB,57.5
b3361,fic,57.4
b1981,shiA,56.8
b3481,nikR,56.5
b1914,uvrY,56.5
b2439,eutL,56.1
b0187,yaeR,56.1
b1038,csgF,56.1
b3493,pitA,55.8
b3450,ugpC,55.4
b1924,fliD,55.4
b0597,entH,55.3
b1120,cobB,55.3
b0662,ubiF,55.2
b4127,yjdJ,54.3
b2566,era,54.3
b1347,ydaC,54.2
b2301,yfcF,54.2
b2132,bglX,54.2
b2369,evgA,54
b2501,ppk,53.9
b3418,malT,53.8
b2668,ygaP,53.7
b3179,rlmE,53.6
b3054,ygiF,53.5
b1132,hflD,53.4
b2079,baeR,53.4
b3202,rpoN,53.4
b0489,qmcA,53.1
b2794,queF,53.1
b4295,yjhU,53
b4090,rpiB,52.8
b0444,queC,52.7
b3958,argC,52.6
b1194,ycgR,52.4
b2517,rlmN,52
b3210,arcB,51.8
b2255,arnA,51.7
b1034,ycdX,51.6
b1441,ydcT,51.6
b0676,nagC,51.4
b2528,iscA,51.3
b3992,thiF,51.3
b3893,fdoH,51.3
b1870,cmoA,51.1
b2379,alaC,51.1
b2678,proW,51
b3839,tatC,51
b1124,potC,50.6
b1625,cnu,50.6
b1325,ycjG,50.5
b1114,mfd,49.5
b0633,rlpA,49.3
b3634,coaD,49.3
b1675,ydhZ,49.1
b4194,ulaB,49.1
b1834,yebT,49.1
b1922,fliA,48.9
b3097,yqjC,48.9
b2315,folC,48.8
b1636,pdxY,48.8
b0059,rapA,48.5
b3038,ygiC,48.4
b4152,frdC,48.4
b2811,csdE,48.4
b2306,hisP,48.2
b0273,argF,48.2
b4192,ulaG,48.1
b2209,eco,47.6
b3019,parC,47.5
b3072,aer,47.4
b2895,fldB,47.3
b0739,tolA,47.3
b0835,rimO,47.2
b4149,blc,47
b2125,yehT,46.9
b3677,yidI,46.5
b0090,murG,46.4
b2593,yfiH,46.2
b1521,uxaB,46.1
b0967,rlmI,45.9
b3470,tusA,45.8
b1945,fliM,45.7
b0417,thiL,45.7
b1990,ldtA,45.5
b3247,rng,45.5
b1049,opgH,45.5
b0652,gltL,45.4
b3513,mdtE,45.3
b1608,rstA,45.2
b0914,msbA,45.2
b0119,yacL,45.2
b1102,fhuE,45.2
b2475,ypfJ,45.1
b3289,rsmB,45
b3187,ispB,44.9
b2411,ligA,44.7
b0406,tgt,44.3
b0887,cydD,44
b2584,pka,43.9
b0055,djlA,43.5
b1681,sufD,43.2
b1063,yceB,43
b3850,hemG,42.9
b4328,iadA,42.8
b3281,aroE,42.8
b2193,narP,42.7
b0608,ybdR,42.5
b1082,flgK,42.5
b0200,gmhB,42.3
b3813,uvrD,42.3
b4119,melA,42.2
b3812,yigB,42.2
b0962,helD,42.1
b3572,avtA,42.1
b2249,yfaY,42
b3221,yhcH,41.9
b3820,yigI,41.9
b2252,ais,41.9
b3449,ugpQ,41.8
b0738,tolR,41.8
b4049,dusA,41.8
b2032,wbbK,41.8
b4480,hdfR,41.7
b3755,yieP,41.7
b0579,ybdF,41.6
b0096,lpxC,41.6
b0810,glnP,41.6
b1224,narG,41.6
b1421,trg,41.5
b3963,fabR,41.4
b1295,ymjA,41.3
b3523,yhjE,41.3
b1270,btuR,41.3
b1805,fadD,41.3
b2784,relA,41.2
b4056,yjbQ,41.2
b0239,frsA,41.2
b2259,pmrD,41.2
b3786,wecB,41.1
b2105,rcnR,41
b0149,mrcB,41
b2552,hmp,40.9
b3972,murB,40.7
b1323,tyrR,40.7
b1939,fliG,40.6
b1225,narH,40.4
b3991,thiG,40.3
b1356,racR,40.3
b2393,nupC,40.2
b0458,ylaC,40.1
b3117,tdcB,40
b1176,minC,40
b0493,ybbO,40
b1098,tmk,39.9
b1897,otsB,39.8
b3785,wzzE,39.6
b2870,ygeW,39.6
b2936,loiP,39.5
b0611,rna,39.5
b3826,yigL,39.4
b3149,diaA,39.3
b1427,rimL,39.3
b4390,nadR,39.3
b2291,yfbR,38.9
b0397,sbcC,38.8
b0383,phoA,38.6
b3966,btuB,38.5
b4352,yjiA,38.4
b4238,nrdD,38.3
b2012,yeeD,38.3
b2497,uraA,38.2
b1519,tam,38.1
b3741,mnmG,38
b3397,nudE,37.8
b2422,cysA,37.7
b2342,fadI,37.6
b4088,alsB,37.4
b4349,hsdM,37.1
b2346,mlaA,36.8
b0999,cbpM,36.7
b3512,gadE,36.7
b1915,yecF,36.6
b1683,sufB,36.5
b1271,yciK,36.2
b0970,yccA,35.7
b0143,pcnB,35.6
b4302,sgcA,35.4
b0973,hyaB,35.3
b1177,ycgJ,35.3
b3590,selB,35.2
b2086,yegS,35
b4052,dnaB,35
b1321,ycjX,35
b1192,ldcA,34.9
b0585,fes,34.8
b0025,ribF,34.6
b2351,gtrB,34.5
b2182,bcr,34.5
b3355,prkB,34.5
b4211,qorB,34.3
b1185,dsbB,34.2
b3981,secE,34.1
b3965,trmA,34
b3462,ftsX,33.9
b2413,cysZ,33.9
b3933,ftsN,33.8
b1086,rluC,33.8
b3177,folP,33.4
b2745,truD,33.3
b3884,yihW,33.2
b1382,ynbE,33.1
b1874,cutC,33
b2664,csiR,32.7
b1650,nemA,32.6
b1580,rspB,32.6
b0750,nadA,32.5
b4256,yjgM,32.5
b2502,ppx,32.4
b1255,yciC,32.4
b2582,trxC,32.3
b2052,wcaG,32.3
b0905,ycaO,32.2
b1927,amyA,32.2
b2829,ptsP,32.1
b1757,ynjE,32.1
b0949,uup,32
b0122,yacC,31.9
b0886,cydC,31.9
b3469,zntA,31.9
b1282,yciH,31.8
b1119,nagK,31.7
b0588,fepC,31.7
b2838,lysA,31.4
b1424,opgD,31.3
b0312,betB,31.2
b1190,dadX,31.2
b0429,cyoD,31.1
b4239,treC,31
b2302,yfcG,30.7
b1330,ynaI,30.6
b1040,csgD,30.6
b2580,ung,30.5
b1921,fliZ,30.3
b0822,ybiV,30.3
b4167,nnr,30.2
b3702,dnaA,30.2
b4178,nsrR,30.2
b0630,lipB,30.1
b1944,fliL,30.1
b3132,kbaZ,29.9
b1726,yniB,29.9
b3974,coaA,29.7
b1211,prfA,29.7
b2011,sbcB,29.5
b1777,yeaC,29.3
b2366,dsdA,29.1
b1378,pfo,29
b2314,dedD,28.9
b2750,cysC,28.8
b1890,motA,28.8
b0736,ybgC,28.6
b1668,ydhS,28.6
b4394,yjjX,28.5
b4070,nrfA,28.5
b1806,yeaY,28.2
b2472,dapE,28.1
b4023,yjbD,28
b2147,preA,27.8
b0460,hha,27.8
b3630,waaP,27.7
b1322,ycjF,27.5
b0226,dinJ,27.4
b3053,glnE,27.3
b2906,ubiI,27.2
b1555,ydfR,27.2
b4262,lptG,27.1
b0113,pdhR,27.1
b1640,anmK,27
b3412,bioH,27
b1112,bhsA,26.8
b0890,ftsK,26.8
b0627,tatE,26.6
b2677,proV,26.6
b3032,cpdA,26.5
b1807,tsaB,26.5
b2993,hybD,26.5
b3410,feoC,26.5
b2146,preT,26.4
b1851,edd,26.4
b0982,etp,26.3
b1107,nagZ,26.3
b3094,exuR,26.3
b2099,yegU,26.2
b1490,dosC,26.2
b4280,yjhC,25.8
b0948,rlmL,25.8
b1188,ycgB,25.8
b0467,priC,25.8
b1015,putP,25.8
b0636,rlmH,25.8
b0101,yacG,25.7
b4388,serB,25.6
b3499,rlmJ,25.6
b3237,argR,25.6
b2053,gmd,25.6
b2428,murQ,25.6
b3704,rnpA,25.2
b4386,lplA,25.1
b3791,wecE,25
b3223,nanE,25
b3574,yiaJ,25
b2765,queD,25
b3950,frwB,24.9
b1570,dicA,24.7
b2331,smrB,24.6
b1205,ychH,24.5
b3789,rffH,24.5
b3524,yhjG,24.5
b0198,metI,24.3
b3892,fdoI,24.2
b3081,fadH,24.2
b0969,tusE,24.2
b2927,epd,24.2
b2468,aegA,23.9
b2607,trmD,23.9
b3459,panM,23.9
b1342,ydaN,23.8
b2432,yfeY,23.7
b0774,bioA,23.6
b2806,rlmM,23.5
b2216,rcsD,23.4
b3834,ubiJ,23.3
b3650,spoT,23.3
b1066,rimJ,23.3
b3062,ttdB,23.2
b3805,hemC,23.2
b2017,yefM,23.1
b3821,pldA,23
b0223,yafJ,23
b4190,yjfP,22.9
b2980,glcC,22.9
b1306,pspC,22.8
b2708,srlQ,22.8
b3425,glpE,22.8
b1326,mpaA,22.7
b4291,fecA,22.7
b3869,glnL,22.6
b3655,yicH,22.6
b3740,rsmG,22.6
b0855,potG,22.5
b4261,lptF,22.5
b0765,modC,22.4
b2282,nuoH,22.4
b2048,cpsG,22.3
b0167,glnD,22.3
b1171,ymgD,22.2
b3002,yqhA,22.2
b3642,pyrE,22.1
b1100,ycfH,22
b3749,rbsA,22
b0343,lacY,22
b1663,mdtK,21.9
b2340,sixA,21.9
b3352,yheS,21.9
b4240,treB,21.8
b0760,modF,21.8
b3290,trkA,21.7
b0951,pqiB,21.7
b2159,nfo,21.6
b3129,prlF,21.6
b3917,sbp,21.5
b0261,mmuM,21.5
b0049,apaH,21.5
b0342,lacA,21.4
b3163,nlpI,21.4
b3365,nirB,21.4
b3345,tusD,21.3
b3794,wecG,21.3
b3061,ttdA,21.2
b1860,ruvB,21.1
b4377,yjjU,21
b3641,slmA,20.8
b2267,elaA,20.7
b4265,idnT,20.7
b4316,fimC,20.7
b1250,kch,20.6
b1379,hslJ,20.6
b1335,ogt,20.6
b3772,ilvA,20.5
b1563,relE,20.5
b1971,yedY,20.4
b2743,pcm,20.4
b3018,plsC,20.3
b0604,dsbG,20.3
b2996,hybA,20.3
b3064,tsaD,20.3
b4367,fhuF,20.3
b2479,gcvR,20.3
b1875,yecM,20.2
b0151,fhuC,20.1
b3058,folB,20.1
b2646,ypjF,20.1
b1076,flgE,20.1
b2563,acpS,19.9
b1090,plsX,19.8
b0795,ybhG,19.8
b0477,gsk,19.8
b0478,ybaL,19.6
b3160,yhbW,19.5
b4042,dgkA,19.5
b3049,glgS,19.4
b0052,pdxA,19.4
b2673,nrdH,19.4
b1511,lsrK,19.4
b2467,nudK,19.3
b2830,rppH,19.1
b2793,syd,19
b3105,yhaJ,18.9
b0399,phoB,18.9
b3378,yhfU,18.9
b1929,yedE,18.8
b1552,cspI,18.8
b2997,hybO,18.7
b2276,nuoN,18.6
b3825,pldB,18.6
b1518,lsrG,18.6
b0599,ybdH,18.5
b4536,yobH,18.4
b4053,alr,18.4
b2615,nadK,18.3
b2441,eutB,18.2
b2520,yfhM,18.1
b3465,rsmD,18.1
b1657,ydhP,18
b1617,uidA,18
b2690,yqaB,17.7
b3467,yhhM,17.7
b1341,ydaM,17.7
b0430,cyoC,17.7
b3232,zapE,17.6
b3226,nanR,17.6
b0894,dmsA,17.6
b2744,umpG,17.6
b3998,nfi,17.4
b4403,yjtD,17.4
b1068,yceM,17.4
b1634,dtpA,17.2
b1871,cmoB,17.2
b4195,ulaC,17.2
b3955,eptC,17.1
b1970,hiuH,17.1
b3996,nudC,17
b4378,yjjV,16.9
b1280,yciM,16.9
b3206,npr,16.9
b4350,hsdR,16.9
b2844,yqeF,16.8
b2946,rsmE,16.8
b1182,hlyE,16.7
b3056,cca,16.7
b2733,mutS,16.7
b1735,chbR,16.7
b1344,ttcA,16.7
b3017,ftsP,16.6
b0952,pqiC,16.6
b2821,ptrA,16.5
b4220,tamA,16.5
b3437,gntK,16.4
b1208,ispE,16.4
b3199,lptC,16.4
b2278,nuoL,16.4
b1705,ydiE,16.4
b1858,znuC,16.3
b3091,uxaA,16.3
b4242,mgtA,16.3
b1249,clsA,16.2
b0208,yafC,16.1
b1679,sufE,16.1
b1238,tdk,16
b0807,rlmF,16
b2487,hyfG,16
b2434,ypeA,15.9
b3806,cyaA,15.9
b3591,selA,15.9
b2881,xdhD,15.9
b1448,mnaT,15.8
b1540,rspR,15.8
b1993,cobU,15.8
b1770,ydjF,15.8
b0219,yafV,15.8
b3100,yqjK,15.8
b0983,gfcE,15.8
b0246,yafW,15.7
b4259,holC,15.7
b3779,gpp,15.7
b1037,csgG,15.6
b1234,rssA,15.6
b3406,greB,15.5
b2777,queE,15.5
b2685,emrA,15.4
b2440,eutC,15.4
b3857,mobA,15.3
b0209,yafD,15.2
b1855,lpxM,15.2
b4123,dcuB,15.2
b0925,ldtD,15.1
b3431,glgX,15.1
b2311,ubiX,15.1
b2952,yggT,15
b1253,yciA,14.9
b2797,sdaB,14.8
b1413,hrpA,14.8
b4071,nrfB,14.7
b4187,aidB,14.7
b2289,lrhA,14.7
b0470,dnaX,14.7
b2813,mltA,14.6
b3651,trmH,14.6
b3416,malQ,14.6
b0183,rnhB,14.6
b0346,mhpR,14.6
b4097,phnK,14.6
b2798,ygdG,14.5
b2562,yfhL,14.5
b1766,sppA,14.5
b0042,fixB,14.5
b0981,etk,14.5
b3133,agaV,14.3
b2124,yehS,14.3
b1853,yebK,14.3
b0876,ybjD,14.3
b3166,truB,14.3
b2965,speC,14.2
b2071,yegJ,14.1
b0081,mraZ,14.1
b0069,sgrR,14.1
b1494,pqqL,14
b1549,ydfO,14
b3920,yiiQ,14
b1191,cvrA,14
b0821,ybiU,14
b3689,yidR,14
b3368,cysG,14
b3248,yhdE,13.9
b0920,elyC,13.8
b0324,yahJ,13.8
b1248,yciU,13.7
b4072,nrfC,13.7
b2630,rnlA,13.7
b0269,yagF,13.7
b3952,pflC,13.7
b2457,eutM,13.6
b0465,mscK,13.6
b2033,wbbJ,13.5
b3973,birA,13.5
b0892,rarA,13.5
b1820,yobD,13.4
b0994,torT,13.4
b0291,ecpC,13.4
b2964,nupG,13.3
b1889,motB,13.3
b2064,asmA,13.2
b2949,yqgF,13.2
b2812,tcdA,13.1
b1055,yceA,13.1
b3030,parE,13.1
b1591,dmsD,13.1
b3746,ravA,13.1
b1913,uvrC,13.1
b1938,fliF,13.1
b1134,nudJ,13.1
b0797,rhlE,13
b1047,opgC,13
b0400,phoR,13
b3787,wecC,12.9
b3292,zntR,12.9
b4196,ulaD,12.9
b2522,sseB,12.8
b3194,mlaE,12.7
b1116,lolC,12.7
b2770,ygcR,12.7
b0919,ycbJ,12.6
b3788,rffG,12.6
b1513,lsrA,12.6
b2840,ygeA,12.6
b2805,fucR,12.5
b1958,yedI,12.5
b1622,malY,12.4
b2701,mltB,12.4
b0041,fixA,12.4
b4022,rluF,12.4
b2735,ygbI,12.4
b1883,cheB,12.2
b0405,queA,12.2
b1629,rsxC,12.2
b1106,thiK,12.2
b1206,dauA,12.2
b1800,dmlA,12.2
b0352,mhpE,12.1
b1652,rnt,12.1
b2879,ssnA,12.1
b1825,yebO,12.1
b2212,alkB,12
b0488,ybbJ,12
b3925,glpX,12
b0046,kefF,11.9
b1013,rutR,11.8
b1589,ynfG,11.8
b0087,mraY,11.8
b0472,recR,11.8
b3633,waaA,11.8
b3804,hemD,11.7
b2875,yqeB,11.7
b2085,yegR,11.7
b4551,yheV,11.7
b3597,yibH,11.7
b2828,lgt,11.6
b3842,rfaH,11.6
b1457,ydcD,11.6
b4471,tdcG,11.6
b0841,ybjG,11.6
b1475,fdnH,11.6
b3152,yraR,11.5
b2455,eutE,11.5
b2028,ugd,11.5
b3115,tdcD,11.5
b0844,ybjI,11.5
b0537,intD,11.4
b0802,ybiJ,11.4
b2572,rseA,11.4
b1957,yodC,11.4
b2157,yeiE,11.4
b2878,ygfK,11.4
b4189,bsmA,11.4
b2341,fadJ,11.4
b1019,efeB,11.4
b4389,radA,11.4
b4087,alsA,11.3
b2254,arnC,11.3
b0878,macA,11.3
b1104,ycfL,11.3
b3343,tusB,11.3
b1639,mliC,11.3
b3145,yraK,11.3
b2720,hycF,11.2
b0062,araA,11.2
b3810,yigA,11.2
b2998,yghW,11.1
b4209,ytfE,11.1
b0559,ybcW,11.1
b2377,yfdY,11
b4479,dgoR,11
b0766,ybhA,10.9
b3967,murI,10.9
b0600,ybdL,10.8
b1706,ydiU,10.8
b3828,metR,10.8
b0304,rclA,10.8
b3344,tusC,10.7
b0877,ybjX,10.7
b3514,mdtF,10.7
b3835,ubiB,10.7
b2747,ispD,10.7
b1822,rlmA,10.7
b0685,ybfE,10.6
b0192,nlpE,10.6
b0111,ampE,10.5
b1299,puuR,10.5
b3623,waaU,10.5
b1566,flxA,10.5
b1746,astD,10.5
b1266,yciV,10.4
b4171,miaA,10.4
b0495,ybbA,10.3
b1077,flgF,10.3
b2324,mnmC,10.2
b0176,rseP,10.2
b2222,atoA,10.2
b0621,dcuC,10.2
b4183,yjfK,10.1
b4170,mutL,10.1
b3235,degS,10.1
b2865,ygeR,10.1
b3515,gadW,10.1
b4467,glcF,10.1
b3669,uhpA,10
b1435,ydcP,9.94
b1525,sad,9.94
b0551,quuD,9.89
b0978,cbdA,9.86
b0490,fetA,9.85
b0881,clpS,9.85
b2265,menF,9.77
b2667,ygaV,9.76
b3896,yiiG,9.76
b2808,gcvA,9.69
b0713,ybgL,9.68
b2659,csiD,9.68
b3688,yidQ,9.63
b3714,adeP,9.51
b2381,ypdB,9.48
b2618,ratB,9.43
b3867,hemN,9.41
b4596,yciZ,9.39
b2810,csdA,9.39
b4483,tatD,9.38
b0828,iaaA,9.35
b0050,apaG,9.35
b1932,yedL,9.34
b1664,ydhQ,9.34
b4016,aceK,9.3
b4310,nanM,9.26
b3568,xylH,9.23
b1841,yobA,9.2
b4351,mrr,9.18
b3073,patA,9.15
b3546,eptB,9.12
b4039,ubiC,9.06
b4198,ulaF,9.02
b1507,hipA,9.01
b3486,rbbA,8.98
b4073,nrfD,8.95
b3387,dam,8.9
b1598,ydgD,8.89
b4131,cadA,8.83
b4191,ulaR,8.8
b2438,eutK,8.79
b2955,yggW,8.79
b2436,hemF,8.78
b3093,exuT,8.77
b1078,flgG,8.77
b4361,dnaC,8.76
b1294,sapA,8.74
b0577,ybdG,8.72
b2069,yegD,8.71
b1918,yecS,8.7
b2509,xseA,8.64
b2206,napA,8.64
b2194,ccmH,8.62
b2470,acrD,8.6
b1512,lsrR,8.6
b2902,ygfF,8.59
b0475,hemH,8.58
b2871,ygeX,8.57
b4362,dnaT,8.57
b3522,yhjD,8.56
b3293,yhdN,8.46
b4372,holD,8.45
b3618,yibB,8.44
b2261,menC,8.43
b1046,clsC,8.42
b1233,ychJ,8.41
b0418,pgpA,8.4
b3652,recG,8.37
b0188,tilS,8.29
b3250,mreC,8.25
b3329,gspH,8.24
b2792,yqcC,8.24
b1287,yciW,8.2
b0468,ybaN,8.2
b2574,nadB,8.14
b3551,bisC,8.14
b3613,envC,8.14
b1691,ydiN,8.1
b2173,yeiR,8.09
b1129,phoQ,8.07
b2063,yegH,8.06
b0775,bioB,8.02
b1531,marA,8.01
b3525,yhjH,8
b4218,ytfL,8
b0895,dmsB,7.95
b1590,ynfH,7.95
b3020,ygiS,7.94
b3795,yifK,7.93
b4484,cpxP,7.92
b0695,kdpD,7.9
b2245,rhmA,7.9
b3745,viaA,7.88
b4150,ampC,7.86
b1072,flgA,7.86
b2748,ftsB,7.85
b1193,emtA,7.84
b0308,ykgG,7.84
b4094,phnN,7.82
b2496,hda,7.78
b1631,rsxG,7.74
b1210,hemA,7.72
b1110,ycfJ,7.7
b0476,aes,7.68
b0186,ldcC,7.65
b3239,yhcO,7.65
b3911,cpxA,7.65
b4398,creB,7.64
b2560,pgpC,7.63
b3778,rep,7.62
b1467,narY,7.62
b3664,adeQ,7.57
b0103,coaE,7.57
b4155,epmA,7.57
b2210,mqo,7.56
b0980,appA,7.51
b0654,gltJ,7.49
b4333,yjiK,7.49
b1845,ptrB,7.49
b0459,maa,7.44
b2313,cvpA,7.43
b2781,mazG,7.42
b3900,frvA,7.42
b2492,focB,7.36
b2907,ubiH,7.36
b2554,glrR,7.36
b0084,ftsI,7.35
b0817,mntR,7.33
b2165,psuG,7.31
b2394,b2394,7.31
b0019,nhaA,7.28
b2892,recJ,7.28
b4126,yjdI,7.27
b3625,waaY,7.27
b1842,holE,7.21
b4140,fxsA,7.2
b3946,fsaB,7.19
b1096,pabC,7.19
b0587,fepE,7.18
b1816,yoaE,7.18
b3476,nikA,7.17
b2728,hypC,7.16
b1520,yneE,7.12
b1118,lolE,7.09
b1813,nudL,7.06
b1610,tus,7.06
b0355,frmB,7.03
b2218,rcsC,7.01
b0110,ampD,7
b3653,gltS,6.98
b4336,yjiN,6.96
b3558,insK,6.95
b0425,panE,6.95
b0657,lnt,6.93
b3529,yhjK,6.89
b2352,gtrS,6.87
b1534,ydeE,6.86
b4105,phnD,6.84
b4461,yfjD,6.83
b1061,dinI,6.83
b3874,yihN,6.83
b1097,yceG,6.81
b0798,ybiA,6.78
b0093,ftsQ,6.78
b0378,yaiW,6.77
b3626,waaR,6.76
b0707,ybgA,6.75
b2423,cysW,6.72
b1941,fliI,6.7
b1594,mlc,6.7
b2802,fucI,6.69
b2318,truA,6.68
b3530,bcsC,6.68
b0214,rnhA,6.67
b0058,rluA,6.66
b0412,yajI,6.65
b2493,yfgO,6.64
b2717,hycI,6.62
b1618,uidR,6.6
b1731,cedA,6.59
b0138,yadM,6.58
b2727,hypB,6.56
b1418,cybB,6.55
b3918,cdh,6.51
b2435,amiA,6.5
b4089,alsR,6.48
b1327,ycjY,6.48
b3873,yihM,6.43
b2963,mltC,6.42
b3441,yhhY,6.41
b1099,holB,6.39
b0401,brnQ,6.39
b2129,yehX,6.38
b4124,dcuR,6.38
b2447,yffP,6.37
b3811,xerC,6.3
b0868,ybjS,6.27
b0829,gsiA,6.27
b1784,yeaH,6.26
b0487,cueR,6.26
b1992,cobS,6.25
b3620,waaF,6.23
b2983,yghQ,6.21
b3503,arsC,6.17
b3396,mrcA,6.16
b2619,ratA,6.14
b2787,gudD,6.14
b0142,folK,6.14
b1786,yeaJ,6.14
b0776,bioF,6.13
b4464,ghxQ,6.13
b3083,higB,6.11
b0336,codB,6.09
b2156,lysP,6.05
b4079,fdhF,6.04
b0972,hyaA,6.03
b3897,frvR,6.01
b0310,ykgH,6.01
b0063,araB,5.99
b3118,tdcA,5.98
b1969,yedW,5.96
b0160,dgt,5.95
b2256,arnD,5.93
b4215,ytfI,5.92
b3399,yrfG,5.91
b0716,ybgO,5.89
b0227,yafL,5.85
b1794,yeaP,5.85
b2869,ygeV,5.82
b1916,sdiA,5.81
b4112,basS,5.8
b0575,cusA,5.77
b4547,ypfN,5.76
b1991,cobT,5.75
b2880,ygfM,5.72
b1895,uspC,5.7
b1754,ynjB,5.7
b1353,sieB,5.69
b3606,trmL,5.68
b1111,ycfQ,5.65
b3066,dnaG,5.65
b0867,amiD,5.64
b3182,dacB,5.64
b1162,bluR,5.63
b1340,smrA,5.62
b1195,ymgE,5.61
b1464,yddE,5.61
b2127,mlrA,5.59
b0483,ybaQ,5.57
b1884,cheR,5.56
b1879,flhA,5.56
b4221,tamB,5.56
b3252,csrD,5.55
b3220,yhcG,5.53
b1009,rutD,5.53
b3632,waaQ,5.52
b1235,rssB,5.51
b0376,ampH,5.5
b1508,hipB,5.5
b0479,fsr,5.46
b3750,rbsC,5.46
b3040,zupT,5.46
b1616,uidB,5.46
b3394,hofN,5.44
b0862,artQ,5.4
b1605,ydgI,5.4
b3353,yheT,5.4
b0751,pnuC,5.35
b1673,ydhV,5.35
b4557,yidD,5.34
b2670,alaE,5.31
b3739,atpI,5.31
b4040,ubiA,5.31
b0706,ybfD,5.29
b1961,dcm,5.28
b0840,deoR,5.28
b0351,mhpF,5.25
b3615,waaH,5.24
b4093,phnO,5.21
b3497,rsmJ,5.21
b0984,gfcD,5.2
b0620,citB,5.2
b4001,yjaH,5.19
b1776,ydjL,5.19
b0272,yagI,5.18
b0290,ecpD,5.18
b0616,citE,5.17
b1399,paaX,5.16
b2789,gudP,5.15
b1278,pgpB,5.15
b0195,tsaA,5.13
b1374,pinR,5.12
b0792,ybhR,5.1
b3398,yrfF,5.07
b2953,yggU,5.06
b4077,gltP,5.06
b1872,torZ,5.06
b1962,yedJ,5.05
b0524,lpxH,5.04
b3895,fdhD,5.04
b3126,garL,5.03
b4312,fimB,5.01
b2180,yejF,5.01
b2176,rtn,5.01
b3392,hofP,5
b4266,idnO,5
b1450,mcbR,4.99
b3101,yqjF,4.99
b4595,yciY,4.99
b2188,yejM,4.99
b0508,hyi,4.98
b0307,ykgF,4.97
b1069,murJ,4.95
b4098,phnJ,4.92
b1648,ydhL,4.92
b0694,kdpE,4.91
b0939,elfD,4.9
b4410,ecnA,4.89
b0955,ycbZ,4.88
b0653,gltK,4.87
b2460,eutQ,4.86
b1900,araG,4.83
b0173,dxr,4.81
b1388,paaA,4.81
b3480,nikE,4.81
b4251,bdcR,4.78
b4044,dinF,4.77
b1290,sapF,4.76
b4241,treR,4.74
b1135,rluE,4.74
b0833,yliE,4.73
b0184,dnaE,4.72
b1587,ynfE,4.72
b2202,napC,4.71
b2611,ypjD,4.68
b3375,frlR,4.67
b0786,ybhL,4.66
b2536,hcaT,4.66
b0848,ybjM,4.65
b0064,araC,4.65
b0831,gsiC,4.65
b1925,fliS,4.64
b2160,yeiI,4.63
b3026,qseC,4.62
b1474,fdnG,4.61
b0901,ycaK,4.6
b0617,citD,4.59
b2250,yfaZ,4.58
b3934,cytR,4.58
b4481,wecF,4.58
b2874,yqeA,4.57
b2134,pbpG,4.57
b2956,yggM,4.55
b3404,envZ,4.54
b1892,flhD,4.54
b3832,rmuC,4.53
b1571,ydfA,4.53
b1763,topB,4.53
b2660,lhgO,4.53
b4415,hokE,4.51
b2347,yfdC,4.5
b0693,speF,4.49
b1956,yedQ,4.45
b3904,rhaB,4.45
b1298,puuD,4.44
b0635,mrdA,4.43
b4253,yjgL,4.43
b1495,yddB,4.4
b0873,hcp,4.39
b1383,ydbL,4.37
b1812,pabB,4.37
b3629,waaS,4.36
b2961,mutY,4.34
b1799,dmlR,4.34
b0190,yaeQ,4.34
b3579,yiaO,4.34
b2837,galR,4.34
b2142,yohK,4.31
b3325,gspD,4.29
b1904,yecR,4.28
b3021,mqsA,4.27
b1633,nth,4.27
b0330,prpR,4.27
b3822,recQ,4.26
b1320,ycjW,4.26
b1020,phoH,4.24
b0857,potI,4.24
b0083,ftsL,4.24
b3222,nanK,4.23
b3051,yqiK,4.23
b1801,yeaV,4.23
b3915,fieF,4.22
b1314,ycjR,4.22
b2328,mepA,4.21
b0826,moeB,4.21
b1503,ydeR,4.2
b0619,citA,4.2
b2616,recN,4.19
b0634,mrdB,4.18
b0217,yafT,4.16
b1145,cohE,4.15
b2308,hisQ,4.15
b1620,malI,4.15
b2317,dedA,4.15
b1804,rnd,4.14
b2181,yejG,4.14
b2836,aas,4.13
b3131,agaR,4.13
b4169,amiB,4.12
b0974,hyaC,4.12
b4387,ytjB,4.08
b2268,rbn,4.05
b3848,yigZ,4.04
b1940,fliH,4.04
b1810,yoaC,4.03
b3947,frwA,4.02
b4248,yjgH,4
b4145,yjeJ,4
b4358,lgoD,4
b0879,macB,4
b4345,mcrC,3.97
b2123,yehR,3.97
b2100,yegV,3.96
b2398,yfeC,3.96
b0936,ssuA,3.94
b0996,torC,3.94
b0985,gfcC,3.94
b1793,yoaF,3.94
b2803,fucK,3.94
b2220,atoC,3.92
b3565,xylA,3.92
b2917,scpA,3.91
b1756,ynjD,3.91
b3594,yibA,3.9
b3549,tag,3.88
b3333,gspL,3.88
b4373,rimI,3.86
b1214,ychA,3.86
b2776,ygcE,3.81
b2345,yfdF,3.8
b1902,ftnB,3.79
b0790,ybhP,3.79
b3379,php,3.77
b4526,ydaE,3.76
b2883,guaD,3.76
b2074,mdtA,3.75
b4292,fecR,3.75
b3570,bax,3.74
b0491,fetB,3.7
b1163,bluF,3.68
b2642,yfjW,3.68
b3700,recF,3.66
b2674,nrdI,3.66
b2819,recD,3.64
b4472,yhdP,3.63
b3538,bcsG,3.57
b3391,hofQ,3.57
b2831,mutH,3.57
b0146,sfsA,3.56
b4541,yehK,3.56
b3354,yheU,3.55
b0612,citT,3.54
b3351,kefG,3.54
b0503,mnmH,3.52
b3322,gspB,3.52
b2644,yfjY,3.51
b2912,fau,3.5
b0780,ybhK,3.5
b2264,menD,3.49
b2623,yfjH,3.49
b1947,fliO,3.48
b1545,pinQ,3.47
b4065,yjcE,3.47
b3685,yidE,3.47
b0295,ykgL,3.46
b4117,adiA,3.42
b1469,narU,3.42
b4020,yjbB,3.42
b3243,aaeR,3.41
b1222,narX,3.41
b0147,ligT,3.4
b0568,nfrA,3.39
b2817,amiC,3.36
b2112,yehE,3.36
b0960,yccS,3.35
b3456,livM,3.32
b4311,nanC,3.32
b3492,yhiN,3.3
b1125,potB,3.3
b0448,mdlA,3.29
b4003,zraS,3.29
b2453,eutG,3.29
b4278,insG,3.29
b3631,waaG,3.28
b1736,chbA,3.28
b1392,paaE,3.28
b0365,tauA,3.28
b3635,mutM,3.27
b1828,yebQ,3.27
b3238,yhcN,3.26
b0162,cdaR,3.22
b0278,yagL,3.22
b2151,galS,3.22
b0764,modB,3.22
b0796,ybiH,3.2
b1468,narZ,3.2
b1621,malX,3.19
b2230,yfaA,3.18
b3537,bcsF,3.18
b3424,glpG,3.17
b2172,yeiQ,3.16
b0148,hrpB,3.15
b2559,tadA,3.15
b1671,ydhX,3.15
b2561,yfhH,3.14
b0770,ybhI,3.13
b0730,mngR,3.13
b4018,iclR,3.12
b1747,astA,3.11
b2786,barA,3.09
b3726,pstA,3.08
b2333,yfcP,3.08
b0995,torR,3.06
b0271,yagH,3.06
b2707,srlR,3.05
b2148,mglC,3.05
b2211,yojI,3.04
b1561,rem,3.03
b4290,fecB,3.03
b1302,puuE,3.03
b4264,idnR,3.02
b1073,flgB,3.02
b0260,mmuP,3.02
b0645,ybeR,3.02
b4348,hsdS,3.01
b1835,rsmF,3
b3603,lldP,3
b4379,yjjW,2.99
b0921,smtA,2.99
b0314,betT,2.98
b2135,yohC,2.98
b0228,rayT,2.98
b2504,yfgG,2.97
b4304,sgcC,2.96
b1024,pgaA,2.96
b2889,idi,2.96
b3889,yiiE,2.94
b2144,sanA,2.93
b3063,ttdT,2.93
b3360,pabA,2.92
b4327,hypT,2.92
b1429,tehA,2.91
b2698,recX,2.91
b0567,ybcH,2.9
b3519,treF,2.9
b3856,mobB,2.9
b1859,znuB,2.9
b3442,yhhZ,2.9
b2822,recC,2.89
b1223,narK,2.87
b1303,pspF,2.87
b1268,yciQ,2.87
b3494,uspB,2.87
b4066,yjcF,2.87
b0556,rzpD,2.86
b2442,intZ,2.86
b0099,mutT,2.86
b0861,artM,2.85
b4197,ulaE,2.85
b1524,glsB,2.85
b2543,yphA,2.85
b1558,cspF,2.85
b2277,nuoM,2.84
b1968,yedV,2.84
b3542,dppC,2.84
b1607,ydgC,2.83
b2175,mepS,2.82
b0639,nadD,2.82
b2068,alkA,2.81
b3582,sgbU,2.81
b1165,ymgA,2.81
b3095,yqjA,2.81
b2430,yfeW,2.79
b4317,fimD,2.78
b1606,folM,2.77
b0175,cdsA,2.77
b0732,mngB,2.76
b0935,ssuD,2.76
b2705,srlD,2.76
b2919,scpB,2.75
b1216,chaA,2.75
b4146,epmB,2.74
b1393,paaF,2.73
b1159,mcrA,2.73
b2846,yqeH,2.73
b1300,puuC,2.73
b3280,yrdB,2.73
b3859,srkA,2.72
b2226,yfaQ,2.72
b1694,ydiF,2.72
b1649,nemR,2.72
b3614,yibQ,2.71
b2718,hycH,2.7
b3074,ygjH,2.7
b4374,yjjG,2.7
b1745,astB,2.7
b0039,caiA,2.69
b0047,kefC,2.69
b3906,rhaR,2.69
b1372,stfR,2.69
b2782,mazF,2.68
b3415,gntT,2.68
b0482,ybaP,2.68
b1140,intE,2.67
b3084,rlmG,2.67
b3680,yidL,2.65
b3154,yhbP,2.65
b2729,hypD,2.64
b4217,ytfK,2.64
b0361,insD1,2.63
b1996,b1996,2.63
b2860,b2860,2.63
b3045,b3045,2.63
b4273,b4273,2.63
b1402,b1402,2.63
b0520,ylbF,2.62
b2867,xdhB,2.61
b4109,crfC,2.61
b2555,yfhG,2.6
b3088,alx,2.6
b1390,paaC,2.59
b4468,glcE,2.59
b3668,uhpB,2.58
b3082,higA,2.58
b0789,clsB,2.58
b0847,ybjL,2.57
b1689,ydiL,2.56
b2558,mltF,2.55
b2714,ascG,2.55
b3265,acrE,2.54
b3025,qseB,2.53
b1985,yeeO,2.53
b0349,mhpC,2.53
b0566,envY,2.52
b0139,htrE,2.52
b0544,ybcK,2.52
b2724,hycB,2.52
b2979,glcD,2.52
b1863,ruvC,2.52
b1708,nlpC,2.51
b4182,yjfJ,2.5
b3010,yqhC,2.49
b0231,dinB,2.48
b1218,chaC,2.48
b3059,plsY,2.47
b1054,lpxL,2.47
b2195,dsbE,2.47
b3116,tdcC,2.46
b2419,yfeK,2.45
b2791,truC,2.45
b2625,yfjI,2.44
b0926,ycbK,2.43
b1856,mepM,2.42
b0215,dnaQ,2.42
b0708,phr,2.41
b4237,nrdG,2.41
b4136,dsbD,2.41
b1695,ydiO,2.4
b0640,holA,2.4
b1869,yecN,2.4
b2409,yfeR,2.4
b0449,mdlB,2.38
b0447,ybaO,2.38
b2237,inaA,2.37
b2756,casE,2.36
b2721,hycE,2.36
b2049,cpsB,2.36
b2703,srlE,2.35
b0514,glxK,2.35
b4324,uxuR,2.34
b1292,sapC,2.33
b1350,recE,2.33
b1227,narI,2.31
b1771,ydjG,2.31
b0874,ybjE,2.31
b0885,aat,2.31
b0859,rlmC,2.31
b1113,ldtC,2.31
b3484,yhhI,2.3
b1530,marR,2.3
b1460,ydcC,2.3
b4546,ypeB,2.29
b3488,yhiJ,2.29
b0338,cynR,2.29
b2118,yehI,2.28
b0284,paoC,2.28
b2375,yfdX,2.28
b2015,yeeY,2.27
b3719,yieL,2.27
b1535,dgcZ,2.26
b1994,insH6,2.25
b3533,bcsA,2.23
b2382,ypdC,2.23
b0106,hofC,2.22
b2383,fryA,2.22
b1722,ydiY,2.22
b1443,ydcV,2.22
b1596,ynfM,2.22
b2101,yegW,2.22
b2098,yegT,2.21
b0289,ecpE,2.2
b3124,garK,2.2
b0144,gluQ,2.2
b2943,galP,2.19
b0569,nfrB,2.19
b1291,sapD,2.19
b2102,yegX,2.19
b4298,yjhH,2.19
b4309,nanS,2.18
b4359,opgB,2.18
b3130,yhaV,2.17
b3628,waaB,2.17
b3075,ebgR,2.17
b0043,fixC,2.15
b2896,cptA,2.14
b1343,dbpA,2.14
b0516,allC,2.13
b0768,ybhD,2.13
b0915,lpxK,2.12
b1709,btuD,2.12
b3158,yhbU,2.12
b1688,ydiK,2.11
b2778,ygcG,2.11
b0989,cspH,2.11
b0872,hcr,2.1
b0066,thiQ,2.1
b0846,rcdA,2.1
b3581,sgbH,2.1
b1542,ydfI,2.08
b0615,citF,2.07
b3818,yigG,2.06
b2861,b2861,2.05
b3044,b3044,2.05
b0360,InsC-1,2.05
b0224,yafK,2.05
b1403,b1403,2.05
b1997,b1997,2.05
b4272,b4272,2.05
b3475,acpT,2.04
b1293,sapB,2.04
b3047,yqiH,2.04
b2067,yegE,2.04
b0045,yaaU,2.03
b1697,ydiQ,2.03
b1297,puuA,2.03
b0089,ftsW,2.03
b2214,apbE,2.02
b2263,menH,2.01
b1529,marC,1.99
b3930,menA,1.99
b4485,ytfR,1.99
b2894,xerD,1.99
b2014,plaP,1.98
b0250,ykfB,1.98
b2062,wza,1.98
b4092,phnP,1.98
b0341,cynX,1.97
b2671,ygaC,1.97
b3587,yiaW,1.97
b3882,yihU,1.97
b4030,psiE,1.97
b4622,ytcA,1.96
b2427,murR,1.96
b3564,xylB,1.96
b1575,dicB,1.96
b1451,yncD,1.95
b1644,ydhJ,1.95
b4469,ygiQ,1.94
b2839,lysR,1.94
b2704,srlB,1.93
b3663,yicN,1.93
b2730,hypE,1.93
b3709,tnaB,1.92
b0097,secM,1.92
b4017,arpA,1.92
b3208,mtgA,1.92
b0155,clcA,1.92
b2556,glrK,1.92
b3128,garD,1.92
b2174,lpxT,1.91
b3009,yghB,1.91
b0853,ybjN,1.91
b1781,yeaE,1.91
b2753,iap,1.91
b0638,cobC,1.91
b0824,ybiY,1.91
b1811,yoaH,1.9
b3350,kefB,1.89
b2510,yfgJ,1.89
b1797,yeaR,1.88
b2636,yfjS,1.88
b1496,yddA,1.88
b0251,yafY,1.88
b2899,yqfA,1.87
b1751,ydjY,1.87
b0512,allB,1.86
b1653,lhr,1.85
b1609,rstB,1.85
b0794,ybhF,1.84
b2370,evgS,1.84
b3555,yiaG,1.84
b2260,menE,1.83
b1242,ychE,1.83
b1734,chbF,1.83
b2755,ygbT,1.83
b2738,ygbL,1.83
b0428,cyoE,1.82
b0496,ybbP,1.81
b2443,yffL,1.81
b1365,ynaK,1.81
b2873,hyuA,1.81
b3421,rtcB,1.81
b3157,yhbT,1.81
b2921,ygfI,1.8
b0464,acrR,1.79
b1447,ydcZ,1.79
b4335,yjiM,1.79
b3266,acrF,1.79
b1759,nudG,1.78
b1880,flhB,1.78
b3899,frvB,1.78
b3196,yrbG,1.78
b0993,torS,1.78
b1465,narV,1.78
b3148,yraN,1.78
b0842,mdfA,1.77
b3747,kup,1.76
b2295,yfbV,1.75
b3601,mtlR,1.75
b3949,frwC,1.75
b0367,tauC,1.74
b4380,yjjI,1.73
b3862,yihG,1.73
b0292,ecpB,1.73
b2758,casC,1.72
b0916,ycaQ,1.71
b3562,yiaA,1.71
b1375,ynaE,1.71
b2013,yeeE,1.7
b2251,nudI,1.69
b1554,rrrQ,1.69
b3604,lldR,1.68
b3676,yidH,1.68
b3715,yieH,1.68
b0543,emrE,1.68
b1226,narJ,1.67
b3624,waaZ,1.67
b0650,hscC,1.67
b0771,ybhJ,1.67
b3022,mqsR,1.67
b0233,yafO,1.66
b1597,asr,1.66
b0752,zitB,1.66
b2783,mazE,1.66
b2583,yfiP,1.66
b1381,ydbH,1.66
b4293,fecI,1.65
b1486,ddpB,1.65
b3710,mdtL,1.65
b2196,ccmF,1.64
b4080,mdtP,1.64
b2449,yffR,1.64
b2712,hypF,1.64
b0697,kdpB,1.64
b1659,ydhB,1.64
b0454,ybaZ,1.64
b2070,yegI,1.64
b1137,ymfD,1.64
b4364,yjjP,1.63
b4063,soxR,1.63
b2335,yfcR,1.63
b1075,flgD,1.63
b1576,ydfD,1.62
b4287,fecE,1.61
b2820,recB,1.6
b1628,rsxB,1.6
b4400,creD,1.59
b4319,fimG,1.59
b1454,yncG,1.59
b3260,dusB,1.59
b0869,ybjT,1.59
b1404,insI3,1.58
b4284,b4284,1.58
b1483,ddpF,1.58
b3674,yidF,1.58
b1141,xisE,1.58
b2395,yfeA,1.58
b2349,intS,1.58
b0256,insI1,1.58
b4313,fimE,1.57
b0315,yahA,1.57
b0129,yadI,1.57
b2940,yqgC,1.57
b2458,eutD,1.56
b1153,ymfQ,1.56
b0852,rimK,1.56
b1588,ynfF,1.55
b3954,yijO,1.55
b2575,trmN,1.55
b3106,yhaK,1.54
b1317,ycjU,1.53
b4159,mscM,1.53
b1310,ycjN,1.52
b1398,paaK,1.51
b3773,ilvY,1.51
b3953,frwD,1.5
b3718,yieK,1.5
b1434,ydcN,1.49
b3505,b3505,1.49
b1844,exoX,1.49
b0259,insH10,1.49
b0552,b0552,1.49
b0656,b0656,1.49
b1331,b1331,1.49
b2030,b2030,1.49
b2192,b2192,1.49
b2982,b2982,1.49
b3218,b3218,1.49
b3422,rtcR,1.49
b1701,fadK,1.49
b2140,dusC,1.49
b3283,yrdD,1.48
b0270,yagG,1.47
b3567,xylG,1.47
b0545,ybcL,1.45
b4151,frdD,1.45
b3323,gspA,1.45
b2424,cysU,1.44
b1022,pgaC,1.44
b2663,gabP,1.43
b0622,pagP,1.42
b0306,ykgE,1.42
b1559,quuQ,1.42
b0781,moaA,1.41
b0714,nei,1.41
b0311,betA,1.41
b2628,yfjL,1.41
b1544,ydfK,1.4
b0402,proY,1.4
b4297,yjhG,1.39
b1313,ycjQ,1.39
b2950,yggR,1.39
b1285,gmr,1.38
b3667,uhpC,1.37
b3665,adeD,1.37
b1843,yobB,1.37
b4061,yjcC,1.36
b4620,yjbT,1.36
b3621,waaC,1.34
b2126,yehU,1.34
b2768,ygcP,1.34
b3085,ygjP,1.34
b4101,phnG,1.34
b2161,nupX,1.33
b1753,ynjA,1.33
b3990,thiH,1.33
b4062,soxS,1.33
b0958,sulA,1.32
b0582,b0582,1.31
b0504,allS,1.31
b0210,yafE,1.31
b1632,rsxE,1.31
b0130,yadE,1.31
b4346,mcrB,1.31
b0016,insL1,1.31
b2321,flk,1.3
b3872,yihL,1.3
b1438,hicB,1.3
b1595,ynfL,1.3
b4114,eptA,1.3
b2373,oxc,1.3
b2451,eutA,1.3
b2868,xdhC,1.29
b0834,yliF,1.29
b3262,yhdJ,1.28
b4033,malF,1.28
b2280,nuoJ,1.28
b2201,ccmA,1.28
b3331,gspJ,1.28
b2121,yehP,1.28
b3358,yhfK,1.27
b3039,ygiD,1.27
b3584,yiaT,1.26
b1338,abgA,1.26
b0403,malZ,1.26
b2385,ypdF,1.26
b4320,fimH,1.26
b1942,fliJ,1.25
b2429,murP,1.25
b1515,lsrD,1.25
b0591,entS,1.25
b4399,creC,1.25
b4455,hokA,1.25
b0815,opgE,1.24
b0554,essD,1.24
b2078,baeS,1.23
b0564,appY,1.23
b1384,feaR,1.23
b2152,yeiB,1.23
b2474,tmcA,1.22
b4120,melB,1.22
b0700,rhsC,1.21
b3951,pflD,1.21
b0368,tauD,1.21
b2380,ypdA,1.2
b0507,gcl,1.2
b0158,btuF,1.2
b1660,ydhC,1.19
b0946,zapC,1.19
b2535,csiE,1.19
b1773,ydjI,1.18
b1655,mepH,1.17
b0933,ssuB,1.17
b2410,yfeH,1.16
b1138,ymfE,1.16
b1385,feaB,1.16
b2326,epmC,1.16
b3647,ligB,1.15
b3861,yihF,1.14
b2633,yfjQ,1.14
b3935,priA,1.14
b3086,ygjQ,1.13
b2466,ypfG,1.12
b3784,wecA,1.12
b3137,kbaY,1.11
b4004,zraR,1.11
b0836,bssR,1.11
b4512,ybdD,1.11
b2247,rhmD,1.11
b0036,caiD,1.11
b4201,priB,1.1
b1833,yebS,1.1
b1039,csgE,1.1
b0823,ybiW,1.1
b4084,alsK,1.09
b2785,rlmD,1.09
b0363,yaiP,1.09
b2944,yggI,1.09
b2387,fryB,1.09
b2005,cbtA,1.08
b2057,wcaC,1.08
b0498,ybbC,1.08
b4095,phnM,1.08
b0211,mltD,1.07
b3521,yhjC,1.07
b0832,gsiD,1.07
b1407,ydbD,1.07
b2702,srlA,1.07
b0038,caiB,1.06
b1501,ydeP,1.06
b4096,phnL,1.06
b4301,sgcE,1.06
b1615,uidC,1.06
b2075,mdtB,1.05
b0286,paoA,1.05
b3104,yhaI,1.04
b0321,yahG,1.04
b3479,nikD,1.03
b2305,yfcI,1.03
b3532,bcsB,1.03
b1339,abgR,1.03
b4128,ghoS,1.03
b1080,flgI,1.02
b0445,ybaE,1.02
b2184,yejH,1.02
b1526,yneJ,1.02
b3531,bcsZ,1.02
b3264,acrS,1.01
b4012,yjaB,1.01
b1370,insH5,1.01
b0107,hofB,1
b0232,yafN,1
b3627,waaO,1
b2866,xdhA,1
b0313,betI,0.996
b0281,intF,0.996
b0347,mhpA,0.996
b0404,acpH,0.993
b0262,afuC,0.992
b2731,fhlA,0.987
b1315,ycjS,0.987
b1387,paaZ,0.979
b3536,bcsE,0.976
b2503,yfgF,0.972
b1394,paaG,0.97
b1643,ydhI,0.97
b0486,ybaT,0.97
b3589,yiaY,0.963
b3575,yiaK,0.961
b2374,frc,0.961
b2197,ccmE,0.958
b3240,aaeB,0.957
b1484,ddpD,0.956
b3712,yieE,0.952
b2877,mocA,0.947
b1815,yoaD,0.946
b1360,ydaV,0.945
b1948,fliP,0.944
b4385,yjjJ,0.944
b3014,yqhH,0.939
b2706,srlM,0.926
b0350,mhpD,0.925
b2119,yehL,0.923
b2177,yejA,0.922
b1485,ddpC,0.919
b3402,yhgE,0.917
b4466,sslE,0.916
b2719,hycG,0.912
b3483,yhhH,0.905
b0020,nhaR,0.899
b0037,caiC,0.898
b4463,ygcU,0.896
b4555,yicS,0.895
b2570,rseC,0.892
b1337,abgB,0.891
b0303,rclB,0.891
b2975,glcA,0.887
b1466,narW,0.886
b2378,lpxP,0.886
b3881,yihT,0.886
b0366,tauB,0.884
b3023,ygiV,0.869
b2037,wzxB,0.867
b2045,wcaK,0.865
b2800,fucA,0.864
b4188,yjfN,0.86
b0942,ycbU,0.859
b1755,ynjC,0.852
b3989,yjaZ,0.849
b2110,yehC,0.845
b0294,ecpR,0.845
b2399,yfeD,0.835
b2506,yfgI,0.833
b0808,ybiO,0.832
b3136,agaS,0.83
b1733,chbG,0.823
b1878,flhE,0.816
b1906,yecH,0.813
b1041,csgB,0.807
b2043,wcaM,0.801
b1974,yodB,0.801
b0377,sbmA,0.8
b2602,yfiL,0.799
b2832,ygdQ,0.794
b2709,norR,0.791
b1645,ydhK,0.789
b2757,casD,0.789
b1001,yccE,0.785
b0191,arfB,0.781
b0320,yahF,0.778
b0944,ycbF,0.778
b0070,setA,0.777
b0252,yafZ,0.777
b1696,ydiP,0.776
b2224,atoB,0.773
b2603,yfiR,0.773
b0245,ykfI,0.764
b2711,norW,0.763
b1491,yddW,0.746
b0976,hyaE,0.745
b0906,ycaP,0.744
b0535,sfmZ,0.743
b1410,ynbC,0.735
b4085,alsE,0.735
b0940,elfC,0.733
b0027,lspA,0.732
b2984,yghR,0.732
b2887,ygfT,0.732
b0061,araD,0.731
b2008,yeeA,0.728
b1585,ynfC,0.726
b0531,sfmC,0.716
b3645,dinD,0.716
b3690,cbrA,0.711
b2444,yffM,0.708
b0457,ylaB,0.707
b0646,djlB,0.707
b4326,iraD,0.705
b3144,yraJ,0.703
b2725,hycA,0.701
b1146,croE,0.701
b4133,cadC,0.699
b2876,yqeC,0.696
b3823,rhtC,0.696
b1630,rsxD,0.695
b0837,yliI,0.695
b3586,yiaV,0.693
b2350,gtrA,0.691
b0614,citX,0.683
b3380,yhfW,0.682
b2886,ygfS,0.68
b3207,yrbL,0.679
b2044,wcaL,0.678
b2933,cmtA,0.677
b1865,nudB,0.676
b2920,scpC,0.673
b2128,yehW,0.666
b0517,allD,0.664
b3090,ygjV,0.664
b3076,ebgA,0.664
b2716,ascB,0.663
b3496,dtpB,0.663
b3654,xanP,0.66
b2547,yphE,0.659
b1752,ydjZ,0.659
b3720,bglH,0.658
b0788,ybhN,0.656
b0326,yahL,0.655
b2088,b2088,0.652
b0950,pqiA,0.652
b1744,astE,0.649
b0576,pheP,0.648
b4166,queG,0.647
b1477,yddM,0.646
b0323,yahI,0.645
b1987,cbl,0.644
b2405,xapR,0.642
b1573,ydfC,0.642
b2046,wzxC,0.64
b3722,bglF,0.638
b2307,hisM,0.637
b0283,paoD,0.637
b0298,insE1,0.635
b0373,b0373,0.635
b0540,b0540,0.635
b1027,b1027,0.635
b0602,ybdN,0.628
b2647,ypjA,0.628
b4212,ytfH,0.623
b0589,fepG,0.622
b4225,chpB,0.622
b2548,yphF,0.622
b1556,essQ,0.62
b2372,yfdV,0.62
b2605,yfiB,0.618
b0060,polB,0.617
b3151,yraQ,0.617
b0618,citC,0.616
b2179,yejE,0.616
b2111,yehD,0.603
b4081,mdtO,0.603
b3678,yidJ,0.6
b1972,yedZ,0.6
b3211,yhcC,0.599
b1408,ynbA,0.594
b3501,arsR,0.59
b2120,yehM,0.589
b0793,ybhS,0.589
b4706,iroK,0.588
b2801,fucP,0.585
b2001,yeeR,0.585
b2054,wcaF,0.584
b1960,vsr,0.581
b4306,yjhP,0.577
b1808,yoaA,0.574
b2888,uacT,0.57
b0546,ybcM,0.568
b2362,yfdS,0.567
b3516,gadX,0.563
b2710,norV,0.56
b4357,lgoR,0.56
b3817,yigF,0.559
b1386,tynA,0.558
b3569,xylR,0.558
b3138,agaB,0.557
b0152,fhuD,0.553
b1336,abgT,0.552
b1172,ymgG,0.552
b0583,entD,0.55
b1497,ydeM,0.548
b1139,lit,0.546
b3898,frvX,0.546
b0548,ninE,0.545
b3258,panF,0.54
b2971,yghG,0.537
b0380,yaiZ,0.535
b0698,kdpA,0.532
b4318,fimF,0.53
b2248,rhmR,0.527
b2845,yqeG,0.524
b1212,prmC,0.519
b1868,yecE,0.517
b3271,yhdZ,0.517
b2923,argO,0.514
b3473,yhhS,0.512
b2361,yfdR,0.511
b2357,yfdN,0.511
b3371,frlB,0.503
b2736,ygbJ,0.502
b2565,recO,0.501
b0644,ybeQ,0.497
b2992,hybE,0.497
b3571,malS,0.497
b3792,wzxE,0.496
b1772,ydjH,0.496
b3457,livH,0.496
b0022,insA1,0.494
b1894,b1894,0.494
b3444,b3444,0.494
b2270,yfbK,0.494
b2726,hypA,0.493
b4118,melR,0.492
b3638,yicR,0.489
b0719,ybgD,0.488
b3878,yihQ,0.485
b1442,ydcU,0.483
b0137,yadL,0.483
b4566,yjhX,0.479
b1144,ymfJ,0.479
b0997,torA,0.475
b0301,rclC,0.474
b3666,uhpT,0.471
b3790,wecD,0.465
b2549,yphG,0.464
b1692,ydiB,0.464
b2739,ygbM,0.46
b1316,ycjT,0.46
b2076,mdtC,0.459
b1074,flgC,0.459
b3886,yihY,0.449
b1439,ydcR,0.448
b4032,malG,0.445
b0319,yahE,0.445
b0007,yaaJ,0.444
b1891,flhC,0.443
b4470,yhaM,0.439
b3327,gspF,0.438
b0555,rrrD,0.438
b0845,ybjJ,0.437
b0689,ybfP,0.436
b3539,yhjV,0.436
b0806,mcbA,0.436
b2760,casA,0.431
b2737,ygbK,0.431
b3383,yhfZ,0.43
b4031,xylE,0.429
b0731,mngA,0.429
b3508,yhiD,0.428
b0340,cynS,0.428
b2546,yphD,0.427
b4299,yjhI,0.425
b0624,flc,0.425
b2272,yfbM,0.425
b3691,dgoT,0.415
b0497,rhsD,0.415
b1500,safA,0.414
b1428,ydcK,0.412
b4509,ylcG,0.412
b3057,bacA,0.409
b3478,nikC,0.408
b2489,hyfI,0.407
b3622,waaL,0.401
b2715,ascF,0.4
b2542,hcaD,0.398
b3723,bglG,0.395
b4086,alsC,0.391
b2774,ygcW,0.39
b0964,yccT,0.39
b4210,ytfF,0.387
b2622,intA,0.383
b0856,potH,0.38
b2631,rnlB,0.379
b4353,yjiX,0.378
b0213,yafS,0.377
b4475,rtcA,0.377
b3507,dctR,0.374
b1352,kilR,0.371
b1907,tyrP,0.369
b3905,rhaS,0.367
b0285,paoB,0.366
b2966,yqgA,0.365
b0799,dinG,0.355
b2626,yfjJ,0.355
b2223,atoE,0.353
b2384,ypdE,0.351
b1546,tfaQ,0.345
b0696,kdpC,0.345
b3646,yicG,0.344
b2364,dsdC,0.343
b3227,dcuD,0.342
b3903,rhaA,0.341
b2178,yejB,0.34
b1213,ychQ,0.337
b2010,dacD,0.336
b0358,yaiO,0.335
b3482,rhsB,0.335
b1572,ydfB,0.335
b1357,ydaS,0.334
b2360,yfdQ,0.333
b4331,kptA,0.332
b0813,rhtA,0.328
b0896,dmsC,0.324
b2203,napB,0.323
b1121,ycfZ,0.319
b2928,yggC,0.319
b0225,yafQ,0.317
b2604,yfiN,0.316
b4329,yjiG,0.315
b0590,fepD,0.309
b4047,yjbL,0.307
b4340,yjiR,0.305
b2060,wzc,0.304
b1551,ynfN,0.304
b2221,atoD,0.296
b4267,idnD,0.296
b1937,fliE,0.292
b1373,tfaR,0.289
b2050,wcaI,0.289
b4289,fecC,0.287
b4050,pspG,0.284
b0777,bioC,0.284
b2769,ygcQ,0.28
b0398,sbcD,0.279
b1514,lsrC,0.278
b2207,napD,0.278
b4315,fimI,0.278
b3675,yidG,0.277
b1489,dosP,0.276
b1476,fdnI,0.275
b3471,yhhQ,0.272
b0305,rclR,0.272
b0603,ybdO,0.272
b1351,racC,0.27
b4341,yjiS,0.269
b2491,hyfR,0.269
b3215,yhcA,0.267
b0601,ybdM,0.266
b0959,sxy,0.264
b0505,allA,0.264
b3585,yiaU,0.263
b2365,dsdX,0.262
b2213,ada,0.26
b3338,chiA,0.257
b2158,yeiH,0.255
b0427,yajR,0.253
b1319,ompG,0.251
b3080,ygjK,0.247
b1164,ycgZ,0.246
b1419,ydcA,0.245
b3110,yhaO,0.244
b4125,dcuS,0.243
b1959,yedA,0.243
b1522,yneF,0.242
b2354,yfdK,0.242
b3485,yhhJ,0.242
b2627,yfjK,0.24
b1741,cho,0.24
b3576,yiaL,0.239
b3334,gspM,0.238
b4078,yjcO,0.238
b2389,yfeO,0.238
b1025,ycdT,0.236
b3753,rbsR,0.234
b3468,yhhN,0.232
b2972,pppA,0.232
b1453,ansP,0.231
b4028,yjbG,0.231
b2788,gudX,0.23
b1201,dhaR,0.228
b3103,yhaH,0.227
b4532,hicA,0.225
b4460,araH,0.223
b2759,casB,0.223
b1196,ycgY,0.222
b1504,ydeS,0.221
b3593,rhsA,0.221
b3060,ttdR,0.22
b2771,ygcS,0.22
b2292,yfbS,0.219
b3477,nikB,0.219
b0433,ampG,0.218
b3159,yhbV,0.218
b2200,ccmB,0.215
b2164,psuT,0.213
b1168,ycgG,0.21
b3366,nirD,0.21
b1181,ycgN,0.209
b3382,yhfY,0.208
b3367,nirC,0.207
b0040,caiT,0.206
b3142,yraH,0.205
b3909,kdgT,0.205
b0339,cynT,0.203
b2841,araE,0.201
b1309,ycjM,0.2
b2072,yegK,0.197
b2446,yffO,0.197
b0364,yaiS,0.196
b1011,rutB,0.195
b4102,phnF,0.195
b1254,yciB,0.194
b3121,yhaC,0.193
b1085,yceQ,0.193
b1790,yeaM,0.193
b2336,yfcS,0.191
b0466,ybaM,0.191
b4294,insA7,0.191
b2271,yfbL,0.188
b2459,eutT,0.188
b4334,yjiL,0.187
b4082,mdtN,0.187
b2205,napG,0.186
b3717,cbrC,0.185
b0509,glxR,0.185
b2740,ygbN,0.185
b0140,yadV,0.185
b0787,ybhM,0.183
b3937,yiiX,0.182
b3474,yhhT,0.181
b3711,yidZ,0.18
b0267,yagA,0.18
b1488,ddpX,0.179
b0613,citG,0.179
b3269,yhdX,0.176
b2645,yfjZ,0.176
b4621,yjbS,0.176
b0533,sfmH,0.175
b1312,ycjP,0.175
b2233,yfaL,0.175
b2163,yeiL,0.175
b3754,hsrA,0.175
b2544,yphB,0.173
b0153,fhuB,0.173
b2469,narQ,0.173
b2929,yggD,0.173
b2835,lplT,0.172
b2968,yghD,0.171
b1601,tqsA,0.171
b2723,hycC,0.17
b4106,phnC,0.169
b1758,ynjF,0.167
b0335,prpE,0.163
b3943,yijE,0.163
b0117,yacH,0.162
b3656,yicI,0.162
b2462,eutS,0.16
b3214,gltF,0.159
b1158,pinE,0.158
b2682,ygaZ,0.158
b1528,ydeA,0.158
b0818,ybiR,0.156
b0375,yaiV,0.156
b4288,fecD,0.155
b0011,yaaW,0.155
b2219,atoS,0.155
b4478,dgoD,0.155
b2199,ccmC,0.154
b0704,ybfC,0.153
b3395,hofM,0.153
b1349,recT,0.152
b4268,idnK,0.152
b2851,ygeG,0.151
b4300,sgcR,0.15
b3048,yqiI,0.149
b0265,insA2,0.148
b0275,b0275,0.148
b1862,yebB,0.148
b2368,emrK,0.148
b3184,yhbE,0.148
b4516,b4516,0.148
b1873,torY,0.147
b3077,ebgC,0.146
b0899,ycaM,0.144
b2056,wcaD,0.144
b0900,ycaN,0.144
b2141,yohJ,0.143
b3013,yqhG,0.142
b2269,elaD,0.141
b3902,rhaD,0.138
b4230,ytfT,0.137
b1023,pgaB,0.137
b1523,yneG,0.136
b2990,hybG,0.136
b1840,yebZ,0.135
b0293,ecpA,0.133
b3284,smg,0.133
b1943,fliK,0.131
b1669,ydhT,0.131
b4477,dgoA,0.13
b1553,rzpQ,0.13
b1391,paaD,0.13
b3411,yhgA,0.13
b4482,yigE,0.13
b0934,ssuC,0.129
b3376,yhfS,0.128
b0254,perR,0.128
b3693,dgoK,0.127
b0013,yaaI,0.127
b1397,paaJ,0.125
b3659,setC,0.123
b1161,ycgX,0.123
b3550,yiaC,0.122
b0858,ybjO,0.122
b3824,rhtB,0.121
b3890,yiiF,0.121
b4522,ymiA,0.12
b2136,yohD,0.12
b3216,yhcD,0.117
b2847,yqeI,0.115
b1672,ydhW,0.115
b1463,nhoA,0.114
b2991,hybF,0.112
b3696,yidX,0.112
b1053,mdtG,0.111
b0937,ssuE,0.111
b3127,garP,0.111
b3684,yidP,0.11
b4204,yjfZ,0.11
b0135,yadC,0.109
b2985,yghS,0.108
b4011,yjaA,0.107
b1220,ychO,0.107
b1355,ydaG,0.107
b2059,wcaA,0.107
b3188,sfsB,0.106
b0532,sfmD,0.105
b2882,xanQ,0.104
b2485,hyfE,0.103
b1154,stfP,0.102
b2541,hcaB,0.101
b4176,yjeT,0.101
b3580,lyxK,0.1
b4337,mdtM,0.1
b4473,smf,0.099
b0629,ybeF,0.099
b2047,wcaJ,0.098
b3374,frlD,0.097
b2420,yfeS,0.097
b2986,yghT,0.094
b4074,nrfE,0.094
b1345,intR,0.094
b3875,ompL,0.093
b0769,ybhH,0.092
b1081,flgJ,0.092
b1202,ycgV,0.091
b1798,leuE,0.09
b2257,arnT,0.089
b1785,yeaI,0.089
b3520,yhjB,0.089
b1750,ydjX,0.088
b0264,insB2,0.087
b3143,yraI,0.087
b0274,b0274,0.087
b2775,yqcE,0.086
b0682,chiQ,0.085
b1432,insQ,0.085
b2077,iceT,0.085
b2298,yfcC,0.084
b1184,umuC,0.082
b3451,ugpE,0.082
b2407,xapA,0.079
b1626,ydgK,0.077
b3547,yhjX,0.077
b0442,ybaV,0.076
b1301,puuB,0.076
b0461,tomB,0.075
b2109,yehB,0.075
b3332,gspK,0.075
b1707,ydiV,0.073
b2058,wcaB,0.073
b0715,abrB,0.073
b2761,ygcB,0.072
b0992,yccM,0.072
b0318,yahD,0.072
b3413,gntX,0.07
b0986,gfcB,0.07
b1931,yedK,0.069
b3849,trkH,0.069
b4048,yjbM,0.069
b0247,ykfG,0.069
b3466,yhhL,0.066
b1821,mntP,0.064
b2538,hcaE,0.063
b4132,cadB,0.063
b3876,yihO,0.063
b3241,aaeA,0.063
b0709,dtpD,0.061
b2073,yegL,0.06
b3800,aslB,0.06
b2930,yggF,0.06
b2130,yehY,0.06
b3141,agaI,0.059
b0385,yaiC,0.059
b3657,yicJ,0.059
b3249,mreD,0.059
b2766,ygcN,0.058
b2918,argK,0.058
b1010,rutC,0.058
b0280,yagN,0.058
b1742,ves,0.058
b4474,frlC,0.057
b2545,yphC,0.057
b3173,yhbX,0.056
b4083,yjcS,0.055
b3033,yqiB,0.055
b0316,yahB,0.055
b3880,yihS,0.052
b1762,ynjI,0.052
b2273,yfbN,0.051
b2519,pbpC,0.051
b1156,tfaE,0.051
b1036,ycdZ,0.05
b4141,yjeH,0.049
b4356,lgoT,0.049
b2332,yfcO,0.049
b3819,rarD,0.048
b3434,yhgN,0.047
b2534,yfhR,0.047
b3801,aslA,0.047
b2204,napH,0.047
b1674,ydhY,0.046
b4321,gntP,0.046
b4116,adiY,0.045
b1396,paaI,0.045
b0193,yaeF,0.045
b1951,rcsA,0.044
b2995,hybB,0.044
b1699,ydiS,0.042
b1029,ycdU,0.042
b4029,yjbH,0.04
b1791,yeaN,0.04
b2537,hcaR,0.039
b4186,yjfC,0.038
b3793,wzyE,0.038
b2481,hyfA,0.037
b0396,araJ,0.037
b3578,yiaN,0.036
b1627,rsxA,0.035
b4366,bglJ,0.035
b0649,djlC,0.032
b1698,ydiR,0.032
b0253,ykfA,0.03
b2327,yfcA,0.03
b0941,elfG,0.03
b0718,ybgQ,0.03
b1012,rutA,0.028
b2577,yfiE,0.027
b2686,emrB,0.027
b3224,nanT,0.027
b3381,yhfX,0.026
b0909,ycaL,0.026
b3944,yijF,0.026
b1328,pgrR,0.023
b1289,ycjD,0.023
b4279,yjhB,0.022
b0157,yadS,0.022
b4572,ylbE,0.021
b4476,gntU,0.02
b2550,yphH,0.018
b2732,ygbA,0.017
b0067,thiP,0.012
b1978,yeeJ,0.009
b3561,wecH,0.008
b3662,nepI,0.008
b2145,yeiS,0.008
b4249,bdcA,0.006
b3326,gspE,0.006
b3883,yihV,0.006
b0234,yafP,0.006
b0518,fdrA,0.005
b0977,hyaF,0.005
b3267,yhdV,0.004
b3660,yicL,0.003
b2945,endA,0.003
b3119,tdcR,0.002
b2713,hydN,0.001
b0692,potE,0.0008
b1115,ycfT,0.0003
